Service_name,Service_url,Main_Services,Other_Services,Serving,Phone_Number,Website,Location_Address,Location_URL_Map,Eligibility,Availability,Description,Languages,Cost,Google_Review,Facebook_URL,Twitter_URL,Coverage,Latitude,Longitude,Zipcode,24hour,Monday,Tuesday,Wednesday,Thursday,Friday,Saturday,Sunday
Food Distribution,https://www.auntbertha.com//boys-%2526-girls-club-of-greater-redlands-riverside--redlands-ca--food-distribution/4904578973827072?postal=92507,['food pantry'],,"['anyone in need', 'all ages', 'individuals', 'families']",888-822-6535,https://begreatie.org/,"1251 Clay Street, Redlands, CA 92374","https://www.google.com/maps/?q=1251+Clay+Street,+Redlands,+CA+92374/",[],available,The Boys & Girls Club of Greater Redlands-Riverside provides a food distribution for individuals and families in the community who are in need.This program provides:- Food to meet basic nutritional needs,['English'],Free,True,https://www.facebook.com/BeGreatIE,https://www.twitter.com/@BeGreatIE,"This program covers residents of the following counties: Riverside County, CA and San Bernardino County, CA.",34.0697895,-117.1849724,92374,False,Closed,Closed,Closed,2:00 PM - 6:00 PM  PST,Closed,Closed,Closed
Food Pantry,https://www.auntbertha.com//new-light-church-of-god--riverside-ca--food-pantry/4840997180801024?postal=92507,['food pantry'],['emergency food'],"['anyone in need', 'all ages', 'individuals', 'families']",951-685-1500,https://m.facebook.com/profile.php?id=100066621566383&_rdr,"9875 Bellegrave Avenue, Riverside, CA 92509","https://www.google.com/maps/?q=9875+Bellegrave+Avenue,+Riverside,+CA+92509/",['Anyone can access this program.'],available,The food pantry provides quality food items to households experiencing food insecurity. This program supplies critical nutrition to hungry individuals and families. This program provides:- Food to meet basic nutritional needsPlease call to get best up-to-date information on the food pantry hours and offerings.,['English'],Free,True,,,"This program covers residents of the following cities: Jurupa Valley, CA and Riverside, CA.",34.0072262,-117.5009431,92509,False,Closed,Closed,Closed,8:00 AM - 3:00 PM,Closed,Closed,Closed
Food Pantry,https://www.auntbertha.com//elevate-life-church--riverside-ca--food-pantry/6706993935024128?postal=92507,['food pantry'],,"['anyone in need', 'all ages', 'individuals', 'families']",,https://elevatechurch.tv/food-distribution,"4017 Trailcreek Road, Riverside, CA 92505","https://www.google.com/maps/?q=4017+Trailcreek+Road,+Riverside,+CA+92505/",[],available,Elevate Life Church provides a community Food Pantry. This program supplies critical nutrition to hungry individuals and families. This program provides:- Food to meet basic nutritional needs,['English'],Free,True,https://www.facebook.com/elevatelifechurchriverside/,,"This program covers residents of the following cities: Riverside, CA.",33.899581,-117.491768,92505,False,Closed,9:00 AM - 11:00 AM  PST,Closed,Closed,9:00 AM - 11:00 AM  PST,Closed,Closed
Food Pantry,https://www.auntbertha.com//god%2527s-pantry--fontana-ca--food-pantry/4866067512426496?postal=92507,['food pantry'],,"['anyone in need', 'all ages', 'immigrants', 'undocumented', 'individuals', 'families', 'limited english']",,https://www.gods-pantry.com/,"8425 Mango Avenue, Fontana, CA 92335","https://www.google.com/maps/?q=8425+Mango+Avenue,+Fontana,+CA+92335/",['Anyone can access this program.'],available,"The food pantry provides quality food items to households experiencing food insecurity. This program supplies critical nutrition to hungry individuals and families. This program provides:- Food to meet basic nutritional needsDue to COVID-19 all Saturday distributions are suspended. Instead, this provider is hosting a drive-thru distribution at their Pomona warehouse location (by appointment only).","['English', 'Spanish']",Free,True,https://www.facebook.com/godspantryca/,,"This program covers residents of the following counties: Los Angeles County, CA, Riverside County, CA and San Bernardino County, CA.",34.100229,-117.4292414,92335,False,Closed,Closed,Closed,Closed,Closed,7:00 AM - 1:00 PM  PST,Closed
Renew Community Services,https://www.auntbertha.com//ureach--loma-linda-ca--renew-community-services/4877209261703168?postal=92507,"['food pantry', 'personal hygiene']",['spiritual support'],"['all ages', 'individuals', 'families', 'homeless']",909-796-8357,http://ureachlluc.com/about-renew,"24914 Barton Road, Loma Linda, CA 92354","https://www.google.com/maps/?q=24914+Barton+Road,+Loma+Linda,+CA+92354/",[],available,Renew Community Services provides food and hygiene items to those who are experiencing homelessness in the community. This program provides:- Hair wash station- Hair cut stations- Shower stations- Hygiene station- Clothing Station- Prayer stationPlease visit the website for an updated schedule.,['English'],Reduced Cost,True,,,"This program covers residents of the following cities: Redlands, CA, Riverside, CA and San Bernardino, CA.",34.0485937,-117.2606995,92354,False,8:30 AM - 4:30 PM,8:30 AM - 4:30 PM,8:30 AM - 4:30 PM,8:30 AM - 4:30 PM,8:30 AM - 1:30 PM,Closed,Closed
Food Bank,https://www.auntbertha.com//lake-hills-christian-center-%2528lhcc%2529--riverside-ca--food-bank/6684530931007488?postal=92507,['food pantry'],,"['anyone in need', 'all ages', 'individuals', 'families']",951-737-6680,https://www.lhccr.com/copy-of-worship-team,"12500 Indiana Avenue, Riverside, CA 92503","https://www.google.com/maps/?q=12500+Indiana+Avenue,+Riverside,+CA+92503/",['Anyone can access these services.'],available,LHCC's Food Bank provides individuals with box of food for pick up. Individuals receive enough food to last almost an entire week.This program provides: - Food to meet nutritional needsParticipants must have a vehicle or cart to put your box and bags in. The Food Bank follows a first come first serve policy so please make sure to drive early.,['English'],Free,True,https://www.facebook.com/aglhcc,,"This program covers residents of the following cities: Riverside, CA.",33.8833116,-117.4961035,92503,False,Closed,Closed,Closed,Closed,11:00 AM - 1:00 PM  PST,Closed,Closed
Food Boxes,https://www.auntbertha.com//ministerio-juda--perris-ca--food-boxes/5213987638738944?postal=92507,['food pantry'],,"['all ages', 'individuals', 'families', 'limited english']",951-238-4116,https://www.ministeriosjuda.org/copy-of-eventos,"22109 Rocky Hills Road, Perris, CA 92570","https://www.google.com/maps/?q=22109+Rocky+Hills+Road,+Perris,+CA+92570/",['Anyone can access this program.'],available,Food boxes provides quality food items to households experiencing food insecurity. This program supplies critical nutrition to hungry individuals and families. This program provides:- Food to meet basic nutritional needsDrive-thru food boxes are distributed every Third Friday of the month from 10:30 a.m. to 12:00 p.m,['Spanish'],Free,True,https://www.facebook.com/ministryofjuda/,,"This program covers residents of the following counties: Riverside County, CA.",33.7996138,-117.272319,92570,False,Closed,Closed,Closed,Closed,10:30 AM - 12:00 PM  PST,Closed,10:00 AM - 1:00 PM  PST
Food Pantry,https://www.auntbertha.com//the-salvation-army---san-bernardino--highland-ca--food-pantry/5391585083392000?postal=92507,['food pantry'],,"['anyone in need', 'all ages']",909-792-6868,https://sanbernardino.salvationarmy.org/,"2626 Pacific Street, Highland, CA 92346","https://www.google.com/maps/?q=2626+Pacific+Street,+Highland,+CA+92346/",['Anyone can access this program.'],available,"The Salvation Army of San Bernardino's food pantry serves everyone from low income families, single parents, senior citizens, unemployed individuals, disabled veterans, working poor, and anyone else in need of our assistance.This program provides:- Food to meet basic nutritional needsPlease call to confirm hours before visiting.","['English', 'Spanish']",Free,True,https://www.facebook.com/SalvationArmyUSA,https://www.twitter.com/https://twitter.com/SalvationArmyUS,"This program covers residents of the following counties: Riverside County, CA and San Bernardino County, CA.",34.1288074,-117.2302467,92346,False,Closed,Closed,8:30 AM - 3:00 PM  PST,Closed,Closed,Closed,Closed
Community Wellness Center,https://www.auntbertha.com//moreno-valley-unified-school-district--moreno-valley-ca--community-wellness-center/5183661987463168?postal=92507,"['food pantry', 'short-term housing', 'clothing', 'clothes for school', 'dental care', 'vision care', 'support network', 'tutoring']",,"['teens', 'school-aged children', 'foster youth', 'families', 'with children', 'homeless', 'near homeless', 'low-income']",951-571-750046137,https://www.mvusd.net/resources/health-wellness/community-wellness-center,,,"['This program serves Moreno Valley Unified School District students and families experiencing homelessness and/or', 'Financial hardship OR', 'Foster students']",available,"The Department of Wellness, Mental Health, and Community Outreach supports students and their families experiencing: homelessness, or other unstable housing as defined under the McKinney-Vento Act; low-income, or financial hardship; and foster students. This program provides:- Washer and Dryer- Shower- Best Eyeglasses- Geri Smiles (Preventative Dental Services)- Food Pantry- Clothes Closet- Tutoring- Happy Feet (shoes)- Operation School Bell (School clothing)- Emergency Short-Term Housing- S.A.F.E. Family Justice Centers - Youth Specialist",['English'],Free,True,https://www.facebook.com/morenovalleyusd,https://www.twitter.com/@morenovalleyusd,"This program covers residents of the following counties: Riverside County, CA.",,,,False,8:00 AM - 5:00 PM  PST,8:00 AM - 5:00 PM  PST,8:00 AM - 5:00 PM  PST,8:00 AM - 5:00 PM  PST,8:00 AM - 5:00 PM  PST,Closed,Closed
Emergency Food & Clothing Assistance,https://www.auntbertha.com//fellowship-church--beaumont-ca--emergency-food-%2526-clothing-assistance/6491347387547648?postal=92507,"['food pantry', 'clothing']",,"['anyone in need', 'all ages', 'individuals', 'families', 'low-income']",951-845-2693,https://fellowshipbeaumont.org/,"650 Oak Valley Parkway, Beaumont, CA 92223","https://www.google.com/maps/?q=650+Oak+Valley+Parkway,+Beaumont,+CA+92223/",['This program serves anyone in need.'],available,"Fellowship Church provides emergency food and clothing to community members in need. This program provides:- Food to meet basic nutritional needs- ClothingParticipants can access the food pantry every other month, and clothing every month. The pantry is open Monday-Friday from 9 a.m.-11:30 a.m.",['English'],Free,True,https://www.facebook.com/FellowshipChurchBeaumont/,,"This program covers residents of the following counties: Riverside County, CA.",33.9470586,-116.9730636,92223,False,9:00 AM - 11:30 AM  PST,9:00 AM - 11:30 AM  PST,9:00 AM - 11:30 AM  PST,9:00 AM - 11:30 AM  PST,9:00 AM - 11:30 AM  PST,Closed,Closed
Fish Food Bank,https://www.auntbertha.com//riverside-latino-commission--coachella-ca--fish-food-bank/4612467847200768?postal=92507,['food pantry'],,"['anyone in need', 'all ages', 'individuals', 'families', 'low-income']",760-398-9000,https://www.latinocommission.com/,,,['Anyone can access this program.'],available,The Fish Food Bank provides quality food items to households experiencing food insecurity. This program supplies critical nutrition to hungry individuals and families.This program provides:- Food to meet basic nutritional needsPlease contact program before visiting for updated hours/information.,"['English', 'Spanish']",Free,True,https://www.facebook.com/RiversideCountyLatinoCommission,,"This program covers residents of the following counties: Riverside County, CA.",,,,False,Closed,Closed,9:00 AM - 10:30 AM  PST,Closed,9:00 AM - 10:30 AM  PST,Closed,Closed
Food In Need of Distribution (FIND),https://www.auntbertha.com//desert-chapel--palm-springs-ca--food-in-need-of-distribution-%2528find%2529/6670404851859456?postal=92507,"['emergency food', 'food pantry']",,"['anyone in need', 'all ages']",760-327-2772,https://desertchapel.org/find,"630 South Sunrise Way, Palm Springs, CA 92264","https://www.google.com/maps/?q=630+South+Sunrise+Way,+Palm+Springs,+CA+92264/",['This program is available to anyone in need.'],available,Desert Chapel offers bi-weekly food distribution to anyone in need of assistance to make ends meet. This program provides:- Food to meet basic nutritional needs,"['English', 'Spanish']",Free,True,,https://www.twitter.com/https://twitter.com/desertchapel,"This program covers residents of the following counties: Riverside County, CA and San Bernardino County, CA.",33.8125772,-116.5276769,92264,False,Closed,Closed,Closed,Closed,Closed,7:00 AM - 8:00 AM  PST,Closed
Food Distribution,https://www.auntbertha.com//galilee-center--mecca-ca--food-distribution/4841117098442752?postal=92507,['food pantry'],,"['anyone in need', 'all ages', 'families']",760-396-9100,https://galileecenter.org/services/,,,['Anyone can access this service.'],available,"Galilee Center addresses the needs of low-income individuals and households that lack a reliable access to affordable, nutritious food and may experience hunger on a regular basis.
This program provides:
- Food to meet basic nutritional needs
Food baskets are distributed every Thursday. Baskets include canned goods, dry goods, grains, fresh vegetables and fruit.

Registration begins at 2:30pm and distribution begins at 3:00pm.","['English', 'Spanish']",Free,True,https://www.facebook.com/galilee.center,https://www.twitter.com/@galilee_center,"This program covers residents of the following counties: Riverside County, CA.",33.5689145,-116.0762506,92254,False,Closed,Closed,Closed,3:00 PM - 4:00 PM  PST,Closed,Closed,Closed
Blessing Bag of Food,https://www.auntbertha.com//trinity-lutheran-church--riverside-ca--blessing-bag-of-food/5760418057420800?postal=92507,['food pantry'],,"['all ages', 'individuals', 'homeless']",,http://trinityriverside.org/outreach/,"5969 Brockton Avenue, Riverside, CA 92506","https://www.google.com/maps/?q=5969+Brockton+Avenue,+Riverside,+CA+92506/",['This program serves homeless individuals.'],available,Ziploc bags containing food and water are available at the church to be picked up and shared with homeless people in the community.This program provides:- Food bags,['English'],Free,True,https://www.facebook.com/groups/355549243530,,"This program covers residents of the following cities: Riverside, CA.",33.961587,-117.3969952,92506,False,8:00 AM - 12:00 PM  PST,8:00 AM - 12:00 PM  PST,8:00 AM - 12:00 PM  PST,8:00 AM - 12:00 PM  PST,8:00 AM - 12:00 PM  PST,Closed,Closed
The Community Food Bank at The Center,https://www.auntbertha.com//the-lgbt-community-center-of-the-desert--palm-springs-ca--the-community-food-bank-at-the-center/5660304135684096?postal=92507,"['emergency food', 'food pantry']",,"['anyone in need', 'all ages', 'lgbtqia+', 'low-income']",760-416-7790,https://thecentercv.org/the-community-food-bank-at-the-center/,"610 South Belardo Road, Palm Springs, CA 92264","https://www.google.com/maps/?q=610+South+Belardo+Road,+Palm+Springs,+CA+92264/","['Serves Riverside County residents.', 'You must be a resident of Riverside County (CA) and bring a picture ID (if you have one) during our distribution hours.', 'The Center Food Bank Card is required for pickups.']",waitlist,"The Community Food Bank @ The Center continues to provide a clean, safe and accessible outdoor food distribution following social distancing and face covering mandates. Currently the food distribution is on a first come-first serve basis giving priority to individuals with disabilities properly displaying handicap plates and/or tags on their vehicle or transport method.This program provides: - Food to meet basic nutritional needs","['English', 'Spanish']",Free,True,https://www.facebook.com/thecentercv,,"This program covers residents of the following counties: Riverside County, CA.",33.8139002,-116.5475485,92264,False,Closed,Closed,Closed,5:00 PM - 7:00 PM  PST,Closed,Closed,Closed
Grocery and Clothing Assistance,https://www.auntbertha.com//arlington-temporary-assistance--riverside-ca--grocery-and-clothing-assistance/5137416858632192?postal=92507,"['food pantry', 'clothing', 'navigating the system']",,"['anyone in need', 'all ages']",951-689-5620,http://www.atariverside.org/,"10459 Arlington Avenue, Riverside, CA 92505","https://www.google.com/maps/?q=10459+Arlington+Avenue,+Riverside,+CA+92505/",['Anyone can access this program.'],available,"Arlington Temporary Assistance provides grocery and clothing assistance for individuals and families living in Riverside, CA.This program provides:- Food to meet nutritional needs- Clothing- Referrals to additional self-sufficiency servicesThese services are provided to members of the community free of charge. Contact the provider to learn more.","['English', 'Spanish']",Free,True,https://www.facebook.com/ArlingtonTemporaryAssistance/,,"This program covers residents of the following cities: Riverside, CA.",33.947038,-117.4824468,92505,False,10:00 AM - 1:00 PM  PST,10:00 AM - 1:00 PM  PST,10:00 AM - 3:00 PM  PST,10:00 AM - 1:00 PM  PST,Closed,Closed,Closed
Food Distribution,https://www.auntbertha.com//the-concerned-family-%2528tcf%2529--perris-ca--food-distribution/6234025465348096?postal=92507,"['food delivery', 'food pantry', 'meals', 'clothing']","['emergency food', 'clothing']","['all ages', 'individuals', 'families', 'with children', 'low-income']",951-722-4317,https://theconcernedfamily.org/,"19450 Clark Street, Perris, CA 92570","https://www.google.com/maps/?q=19450+Clark+Street,+Perris,+CA+92570/",['Anyone can access this program.'],available,The food distribution provides quality food items to households experiencing food insecurity. This program supplies critical nutrition to hungry individuals and families. This program provides:- Food to meet basic nutritional needsPlease contact The Concerned Family (TCF) for more information.,['English'],Free,True,,,"This program covers residents of the following cities: Perris, CA and Riverside, CA.",33.838462,-117.2873271,92570,False,11:00 AM - 1:00 PM  PST,11:00 AM - 1:00 PM  PST,11:00 AM - 1:00 PM  PST,11:00 AM - 1:00 PM  PST,11:00 AM - 1:00 PM  PST,Closed,Closed
Food Pantry,https://www.auntbertha.com//queen-of-angels--riverside-ca--food-pantry/5964133168185344?postal=92507,['food pantry'],,"['anyone in need', 'all ages', 'individuals', 'families', 'limited english']",909-226-8980,https://queenofangelsriverside.com/food-pantry,"4824 Jones Avenue, Riverside, CA 92505","https://www.google.com/maps/?q=4824+Jones+Avenue,+Riverside,+CA+92505/",['Anyone can access this program.'],available,Queen of Angels offers a food pantry that is open to anyone in need. This program supports individuals and families with placing food on the table so they don't go without a meal.This program provides:- Food to meet basic nutritional needs,"['English', 'Spanish']",Free,True,,,"This program covers residents of the following cities: Riverside, CA.",33.9252347,-117.478212,92505,False,Closed,Closed,Closed,8:00 AM - 10:00 AM  PST,Closed,Closed,Closed
Food Pantry,https://www.auntbertha.com//moreno-valley-sda-church--moreno-valley-ca--food-pantry/6185697859993600?postal=92507,['food pantry'],,"['all ages', 'individuals', 'families', 'homeless', 'low-income', 'limited english']",951-242-6694,https://www.morenosda.org/community-services,"12649 Indian Street, Moreno Valley, CA 92553","https://www.google.com/maps/?q=12649+Indian+Street,+Moreno+Valley,+CA+92553/",['Anyone can access this program.'],available,"The food pantry provides quality food items to households experiencing food insecurity. This program supplies critical nutrition to hungry individuals and families. This program provides:- Food to meet basic nutritional needsFood is provided on a first come, first served basis.",['English'],Free,True,,,"This program covers residents of the following counties: Riverside County, CA.",33.93638809999999,-117.235744,92553,False,Closed,Closed,Closed,Closed,Closed,Closed,Closed
Food Pantry,https://www.auntbertha.com//eddie-dee-smith-senior-center-%2528edssc%2529--riverside-ca--food-pantry/5155899550728192?postal=92507,['food pantry'],,"['all ages', 'individuals', 'families', 'low-income']",951-275-9975,https://www.jarpd.org/eddie-dee-smith-senior-center-edssc,"5888 Mission Boulevard, Riverside, CA 92509","https://www.google.com/maps/?q=5888+Mission+Boulevard,+Riverside,+CA+92509/",[],available,"Eddie Dee Smith Senior Center's Food Pantry provides aid and support to the local community. The program helps address the needs of low-income individuals and households that lack reliable access to affordable, nutritious food and may experience hunger on a regular basis.This program provides: - Food to meet basic nutritional needsEddie Dee Smith Senior Center distributes food on the first Thursday of each month from 9am - 12:30pm. Please call the Tuesday before to schedule an appointment for in-person pick-up. Please bring your own cart.","['English', 'Spanish']",Free,True,https://www.facebook.com/Eddie-Dee-Smith-Senior-Center-395991503919833/,,"This program covers residents of the following counties: Riverside County, CA.",34.0006017,-117.4151198,92509,False,Closed,9:00 AM - 5:00 PM  PST,Closed,9:00 AM - 12:30 PM  PST,Closed,Closed,Closed
Emergency Food Assistance Program,https://www.auntbertha.com//bright-path-center--riverside-ca--emergency-food-assistance-program/4510892700336128?postal=92507,"['food pantry', 'meals']",,"['anyone in need', 'all ages', 'unemployed', 'individuals', 'families', 'homeless', 'near homeless', 'low-income']",951-682-0088,https://brightpathcenter.org/emergency-food-service/,"4505 Allstate Drive, Riverside, CA 92501","https://www.google.com/maps/?q=4505+Allstate+Drive,+Riverside,+CA+92501/",['This program serves anyone in need.'],available,Bright Path Center's Emergency Food Assistance Program serves as a beacon of hope for those grappling with the risk of hunger and food insecurity.  This program provides:- Food pantry - Meals Those in need may contact Bright Path Center to schedule an appointment to pick up food. Those who do not have transportation may qualify for delivery service depending on location. Contact the provider for more information.,['English'],Free,True,https://www.facebook.com/brightPathNPO?mibextid=LQQJ4d,,"This program covers residents of the following counties: Riverside County, CA and San Bernardino County, CA.",34.0035875,-117.3754911,92501,False,9:00 AM - 5:00 AM  PST,9:00 AM - 5:00 AM  PST,9:00 AM - 5:00 AM  PST,9:00 AM - 5:00 AM  PST,9:00 AM - 5:00 AM  PST,Closed,2:00 PM - 5:00 PM  PST
Food Pantry,https://www.auntbertha.com//community-settlement-association-%2528csa%2529--riverside-ca--food-pantry/6466415525756928?postal=92507,['food pantry'],,"['anyone in need', 'all ages', 'individuals', 'families']",,https://csariverside.org/food-pantry-program/,"4366 Bermuda Avenue, Riverside, CA 92507","https://www.google.com/maps/?q=4366+Bermuda+Avenue,+Riverside,+CA+92507/",['Anyone can access this program.'],available,"CSA is continuing to provide services to the community through the food pantry program during the COVID-19 crisis. CSA remains committed to the families, seniors and individuals being assisted every week throughout the year and those affected by the COVID-19 situation. This program provides: - Food to meet basic nutritional needsNo pre-registration is required.",['English'],Free,True,https://www.facebook.com/csa1911,,"This program covers residents of the following cities: Riverside, CA.",33.9708788,-117.3625198,92507,False,10:30 AM - 12:30 PM  PST,Closed,10:30 AM - 12:30 PM  PST,Closed,Closed,Closed,Closed
Thanksgiving Food Giveaway,https://www.auntbertha.com//community-settlement-association-%2528csa%2529--riverside-ca--thanksgiving-food-giveaway/5330759588118528?postal=92507,"['food delivery', 'food pantry']",,"['anyone in need', 'all ages', 'individuals', 'families', 'low-income']",951-686-6266,https://csariverside.org/,"4366 Bermuda Avenue, Riverside, CA 92507","https://www.google.com/maps/?q=4366+Bermuda+Avenue,+Riverside,+CA+92507/",['Anyone can access this program.'],near capacity,"CSA offers an annual food giveaway to help families have a nourishing Thanksgiving holiday.This program provides: - Food to meet nutritional needsIndividuals who live within 10 miles of the CSA office may be eligible to have their food delivered.Food distribution will take place on November 17, 2023. Please call ahead to sign up for the food distribution services.",['English'],Free,True,https://www.facebook.com/csa1911,,"This program covers residents of the following cities: Riverside, CA.",33.9708568,-117.3626116,92507,False,3:00 PM - 4:30 PM  PST,3:00 PM - 4:30 PM  PST,3:00 PM - 4:30 PM  PST,3:00 PM - 4:30 PM  PST,3:00 PM - 4:30 PM  PST,Closed,Closed
Food Pantry,https://www.auntbertha.com//the-fruit-of-our-hands-ministries--riverside-ca--food-pantry/5427928872255488?postal=92507,['food pantry'],,"['anyone in need', 'all ages', 'low-income']",951-289-9808,https://fruitnhands.org/food-pantry,,,['Anyone can access this program.'],available,"The Food Pantry serves everyone from low income families, single parents, senior citizens, unemployed individuals, disabled veterans, working poor, and anyone else that comes to the pantry. Services provided:- Food pantryAll services are by appointment only. Please call to make your appointment. Emergency walk-in's are available.",['English'],Free,True,,,"This program covers residents of the following counties: Riverside County, CA.",,,,False,Closed,9:30 AM - 11:30 AM  PST,9:30 AM - 11:30 AM  PST,9:30 AM - 11:30 AM  PST,9:30 AM - 11:30 AM  PST,Closed,Closed
Support Services - Homeless Outreach,https://www.auntbertha.com//bright-path-center--riverside-ca--support-services---homeless-outreach/5432086032154624?postal=92507,"['food pantry', 'help find housing', 'clothing', 'personal hygiene', 'navigating the system']",,"['anyone in need', 'all ages', 'unemployed', 'individuals', 'families', 'homeless', 'near homeless', 'low-income']",951-682-0088,https://brightpathcenter.org/homeless-outreach/,"4505 Allstate Drive, Riverside, CA 92501","https://www.google.com/maps/?q=4505+Allstate+Drive,+Riverside,+CA+92501/",['This program serves anyone in need.'],available,"Bright Path Center provides support services to anyone in need within the Inland Empire who need basic necessities like food, clothing, and housing. This program provides:- Food pantry- Clothing - Personal hygiene items- Referrals- Help find housing",['English'],Free,True,https://www.facebook.com/brightPathNPO?mibextid=LQQJ4d,,"This program covers residents of the following counties: Riverside County, CA and San Bernardino County, CA.",34.0035875,-117.3754911,92501,False,9:00 AM - 5:00 AM  PST,9:00 AM - 5:00 AM  PST,9:00 AM - 5:00 AM  PST,9:00 AM - 5:00 AM  PST,9:00 AM - 5:00 AM  PST,Closed,2:00 PM - 5:00 PM  PST
Food Pantry,https://www.auntbertha.com//iglesia-adventista-de-riverside--riverside-ca--food-pantry/4607062925508608?postal=92507,['food pantry'],,"['anyone in need', 'all ages', 'individuals', 'families', 'limited english']",,https://riversidespanishca.adventistchurch.org/,"3625 Ottawa Avenue, Riverside, CA 92507","https://www.google.com/maps/?q=3625+Ottawa+Avenue,+Riverside,+CA+92507/",['Anyone can access this program.'],available,Iglesia Adventista de Riverside offers quality food items to households experiencing food insecurity. This program supplies critical nutrition to hungry individuals and families.This program provides:- Food to meet nutritional needsFood is distributed on the 3rd Friday of each month. Feel free to call for more information.,"['English', 'Spanish']",Free,True,https://www.facebook.com/iglesiaottawa,,"This program covers residents of the following cities: Riverside, CA.",33.9772907,-117.3532468,92507,False,Closed,Closed,Closed,Closed,9:00 AM - 11:00 AM  PST,Closed,Closed
Food Pantry,https://www.auntbertha.com//university-homeless-women-center--riverside-ca--food-pantry/6241669231935488?postal=92507,['food pantry'],,"['anyone in need', 'all ages', 'all disabilities', 'individuals', 'families', 'homeless']",951-224-9438,https://m.facebook.com/login.php?next=https%3A%2F%2Fm.facebook.com%2Fjesus3angels%2F&refsrc=deprecated&_rdr,"2711 9th Street, Riverside, CA 92507","https://www.google.com/maps/?q=2711+9th+Street,+Riverside,+CA+92507/",['Anyone can access this program.'],available,University Homeless Women's Center provides food for homeless and low income families in need. This program proivdes:- Food to meet basic nutritional needs. Please check our Facebook page for updates on where and where food will be distributed.,['English'],Free,True,,,"This program covers residents of the following counties: Riverside County, CA.",33.9757403,-117.3633231,92507,False,11:30 AM - 12:30 PM  PST,11:30 AM - 12:30 PM  PST,Closed,Closed,Closed,Closed,Closed
Thanksgiving Food Baskets,https://www.auntbertha.com//community-health-systems%252C-inc.--riverside-ca--thanksgiving-food-baskets/5856027624996864?postal=92507,['food pantry'],"['vaccinations', 'navigating the system']","['anyone in need', 'all ages', 'individuals', 'families', 'limited english']",951-212-6306,https://www.chsica.org/,"2933 University Avenue, Riverside, CA 92507","https://www.google.com/maps/?q=2933+University+Avenue,+Riverside,+CA+92507/",['Anyone can access this program.'],available,"Bloomington Community Health Center's free Drive-Thru Day of Giving Event will be providing a box of non-perishable foods, a grocery gift card for the first families, and community resources to individuals and families in need while supplies last. This program provides: - Box of non-perishable foods- Community resources- COVID-19 and flu vaccines No registration is needed however program lasts until supplies run out. The Annual ""Day Of Giving Event!"" will be held on Monday, November 20, from 2:00 p.m. - 4:00 p.m. at the University Community Health Center.","['English', 'Spanish']",Free,True,https://www.facebook.com/CHSI.Clinic/,https://www.twitter.com/@CHSI_Clinics,"This program covers residents of the following counties: Riverside County, CA.",33.9778553,-117.3649986,92507,False,Closed,Closed,Closed,2:00 PM - 4:00 PM  PST,Closed,Closed,Closed
Community Food Pantry,https://www.auntbertha.com//mt.-rubidoux-seventh-day-adventist-church--riverside-ca--community-food-pantry/4988213742665728?postal=92507,['food pantry'],,"['anyone in need', 'all ages', 'individuals', 'families']",,https://www.mtrubidouxsda.org/events/community-food-pantry,"5320 Victoria Avenue, Riverside, CA 92506","https://www.google.com/maps/?q=5320+Victoria+Avenue,+Riverside,+CA+92506/",['Anyone can access these services.'],available,"Mt. Rubidoux Seventh-Day Adventist offers a community food pantry which provides quality food items to households experiencing food insecurity. This program supplies critical nutrition to hungry individuals and families. This program provides:- Food to meet basic nutritional needsThe food pantry serves on a first-come, first-served basis.",['English'],Free,True,https://www.facebook.com/mtrubidoux,,"This program covers residents of the following cities: Riverside, CA.",33.9550431,-117.3692677,92506,False,Closed,10:00 AM - 12:00 PM,Closed,Closed,Closed,Closed,Closed
Food Share,https://www.auntbertha.com//all-saints%2527-episcopal-church---riverside--riverside-ca--food-share/5312726231547904?postal=92507,['food pantry'],,"['anyone in need', 'all ages', 'individuals', 'families']",951-683-8466,https://www.allsaintsriverside.org/ministries/,"3847 Terracina Drive, Riverside, CA 92506","https://www.google.com/maps/?q=3847+Terracina+Drive,+Riverside,+CA+92506/",['Anyone can access this program.'],available,All Saints' Food Share provides quality food items to households experiencing food insecurity. This program supplies critical nutrition to hungry individuals and families. This program provides:- Food to meet basic nutritional needsFood is distributed in the church parking lot on Thursdays at 10am.,['English'],Free,True,https://www.facebook.com/riversideallsaints/,,"This program covers residents of the following cities: Riverside, CA.",33.972863,-117.38446,92506,False,Closed,Closed,Closed,10:00 AM - 11:00 AM,Closed,Closed,Closed
Senior Feeding Program (CSFP),https://www.auntbertha.com//find-food-bank--indio-ca--senior-feeding-program-%2528csfp%2529/6260108091326464?postal=92507,['food pantry'],"['emergency food', 'food pantry', 'nutrition education', 'financial assistance']","['seniors', 'low-income', 'limited english']",760-775-3663,https://findfoodbank.org/csfp/,,,"['Must be 60 years or older to qualify.', 'This program helps people with income at or below 130% of federal poverty guidelines.', 'Must reside within eastern Riverside and southern San Bernardino Counties.']",available,"CSFP works to improve the health of individuals at least 60 years of age by supplementing their diets with nutritious USDA commodity foods.
Once application is submitted, seniors shall receive a free CSFP food box ($50 value) at the given location once a month.

Free Food Box Includes:
➢ UHT milk
➢ Juice
➢ Hot or ready to eat cereal
➢ Rice or Pasta
➢ Peanut Butter or Dry Beans
➢ Canned Meat
➢ Poultry or Fish
➢ Canned Fruits and Vegetables

Apply today at the local senior center, community center or FIND Food Bank mobile market distribution.","['English', 'Spanish']",Free,True,https://www.facebook.com/FINDFoodBank,https://www.twitter.com/@FINDFoodBank,"This program covers residents of the following counties: Riverside County, CA and San Bernardino County, CA.",,,,False,8:00 AM - 5:00 PM,8:00 AM - 5:00 PM,8:00 AM - 5:00 PM,8:00 AM - 5:00 PM,8:00 AM - 5:00 PM,Closed,Closed
Farmer's Market,https://www.auntbertha.com//mizell-center--palm-springs-ca--farmer%2527s-market/5370742328524800?postal=92507,['food pantry'],,"['seniors', 'low-income']",,https://mizell.org/meals/farmers-market/,"480 South Sunrise Way, Palm Springs, CA 92262","https://www.google.com/maps/?q=480+South+Sunrise+Way,+Palm+Springs,+CA+92262/",['This program helps seniors.'],available,"The Farmer’s Market was initiated to provide fresh fruits and vegetables for seniors on a small, fixed income. We provide:- Nutritious foodPlease contact us for more information.",['English'],Reduced Cost,True,https://www.facebook.com/Mizell-Senior-Center-123332562154/,https://www.twitter.com/@MizellSrCtr,"This program covers residents of the following counties: Riverside County, CA.",33.8162746,-116.5276894,92262,False,Closed,Closed,Closed,8:00 AM - 11:00 AM  PST,Closed,Closed,Closed
Food Pantry,https://www.auntbertha.com//palm-desert-church-of-christ--indio-ca--food-pantry/5603120108535808?postal=92507,['food pantry'],,"['anyone in need', 'all ages']",,http://pdcoc.com/food-pantry,"78135 Avenue 42, Indio, CA 92203","https://www.google.com/maps/?q=78135+Avenue+42,+Indio,+CA+92203/",[],available,The Mission of the Palm Desert Church of Christ Food Pantry is solely to put a to stop hunger and to assist in assisting families and sharing the love of Jesus.Services offered:- Nutritious foods,['English'],Free,True,,,"This program covers residents of the following counties: Riverside County, CA.",33.7432808,-116.3012395,92203,False,Closed,Closed,Closed,5:30 PM - 6:30 PM  PST,Closed,Closed,Closed
Food Box Distribution,https://www.auntbertha.com//the-well-in-the-desert--palm-springs-ca--food-box-distribution/5156720428187648?postal=92507,['food pantry'],,"['all ages', 'individuals', 'families', 'low-income']",760-656-8905,https://www.wellinthedesert.org/food-program,"181 North Indian Canyon Drive, Palm Springs, CA 92262","https://www.google.com/maps/?q=181+North+Indian+Canyon+Drive,+Palm+Springs,+CA+92262/",['Must meet income requirements.'],available,"Well in the Desert sponsors a weekly food box distribution program, to supplement families with groceries, alleviating at least some of the financial burden for local friends and neighbors.This program provides:- Food to meet basic nutritional needs",['English'],Free,True,https://www.facebook.com/pages/Well-in-the-Desert/264565405820,,"This program covers residents of the following counties: Riverside County, CA.",33.8244892,-116.5457915,92262,False,Closed,Closed,Closed,Closed,Closed,6:00 AM - 7:00 AM  PST,Closed
The Bread of Life Food Pantry,https://www.auntbertha.com//victory-christian-center--rancho-mirage-ca--the-bread-of-life-food-pantry/5715945917513728?postal=92507,['food pantry'],,"['anyone in need', 'all ages']",760-328-3313,http://victorychristian.org,,,['Anyone can access this program.'],available,The Bread of Life Food Pantry provides non-perishable food items to our church family members who find themselves in temporary need of assistance.Services provided to our community include:- Food to meet basic nutritional needsCall our office to confirm pantry hours.,"['English', 'Spanish']",Free,True,https://www.facebook.com/VCCRanchoMirage/,https://www.twitter.com/@VCCRanchoMirage,"This program covers residents of the following counties: Riverside County, CA and San Bernardino County, CA.",,,,False,8:00 AM - 5:00 PM  PST,8:00 AM - 5:00 PM  PST,8:00 AM - 5:00 PM  PST,8:00 AM - 5:00 PM  PST,8:00 AM - 5:00 PM  PST,Closed,Closed
Patient Food Distribution,https://www.auntbertha.com//vista-community-clinic-%2528vcc%2529--la-habra-ca--patient-food-distribution/5558141533814784?postal=92507,"['emergency food', 'food delivery', 'food pantry']",,"['anyone in need', 'all ages', 'all care phases', 'post-treatment', 'low-income']",562-264-6000,http://www.vistacommunityclinic.org/patients/vcc-patient-food-distribution/,"201 South Harbor Boulevard, La Habra, CA 90631","https://www.google.com/maps/?q=201+South+Harbor+Boulevard,+La+Habra,+CA+90631/",[],available,"If you are one of the many experiencing food insecurity, Vista Community Clinic is here to help you. We offer a food distribution to our patients to ensure their health is being taken care of in more ways than one.Services include:- Food delivery",['English'],Free,True,https://www.facebook.com/VistaCommunityClinic,https://www.twitter.com/https://twitter.com/vcchealthcare,"This program covers residents of the following counties: Orange County, CA, Riverside County, CA and San Diego County, CA.",33.9306477,-117.9339163,90631,False,8:00 AM - 5:00 PM  PST,10:00 AM - 7:00 PM  PST,8:00 AM - 5:00 PM  PST,8:00 AM - 5:00 PM  PST,8:00 AM - 5:00 PM  PST,Closed,Closed
Food Pantry,https://www.auntbertha.com//la-sierra-spanish-7th-day-adventist-church--riverside-ca--food-pantry/5180286741643264?postal=92507,['food pantry'],,"['all ages', 'individuals', 'families']",,https://lasierraspanishchurch.org/,"5885 La Sierra Avenue, Riverside, CA 92505","https://www.google.com/maps/?q=5885+La+Sierra+Avenue,+Riverside,+CA+92505/",[],available,The food pantry provides quality food items to households experiencing food insecurity. This program supplies critical nutrition to hungry individuals and families. This program provides:- Food to meet basic nutritional needsThe food pantry takes place on the first and third Wednesday of the month from 8:00 a.m. to 10:00 a.m.,"['English', 'Spanish']",Free,True,https://www.facebook.com/LaSierraSpanishSDA,,"This program covers residents of the following cities: Riverside, CA.",33.9369049,-117.4962427,92505,False,Closed,Closed,8:00 AM - 10:00 AM  PST,Closed,Closed,Closed,Closed
Food & Meal Assistance,https://www.auntbertha.com//junior-foundation-charities--chino-hills-ca--food-%2526-meal-assistance/6354943357222912?postal=92507,"['food pantry', 'meals']",,"['teens', 'infants', 'children', 'cancer', 'families', 'facing end of life', 'on-treatment', 'young adult cancer survivors', 'post-treatment', 'recently diagnosed', 'with children']",,https://www.juniorfoundation.org/about_us,,,['Child diagnosed with cancer'],full,"***MUST HAVE A CHILD DIAGNOSED WITH CANCER***

The Food & Meal Assistance program offers assistance to families with children diagnosed with cancer within several counties of California.

This program provides:

- Food & Meal assistance

Support is provided regardless of county residence, but MUST HAVE a child diagnosed with cancer.",['English'],Free,True,https://www.facebook.com/JuniorFoundation,https://www.twitter.com/@JuniorFound,"This program covers residents of the following counties: Los Angeles County, CA, Orange County, CA, Riverside County, CA, San Bernardino County, CA and Ventura County, CA.",,,,False,,,,,,,
Family Food Box,https://www.auntbertha.com//riverside-city-mission--highland-ca--family-food-box/5551190823796736?postal=92507,"['food pantry', 'personal care items', 'personal hygiene']",,"['all ages', 'individuals', 'families']",951-341-5055,https://www.citymissionministries.org/family-food-box,"26200 Date Street East, Highland, CA 92346","https://www.google.com/maps/?q=26200+Date+Street+East,+Highland,+CA+92346/",['Anyone can access this program.'],available,"The Family Food Box distribution program provides quality food and personal hygiene items to households experiencing food insecurity. This program supplies critical nutrition to hungry individuals and families.  This program provides:- Food to meet basic nutritional needs- Personal hygiene suppliesPlease call between 8:00 a.m. and 2:00 p.m. Tuesday or Friday to reserve your food box. You must talk with a live phone representative to ensure your box reservation. Due to staffing shortages, phone messages cannot be returned. Food Box orders cannot be placed by voicemail.",['English'],Free,True,,,"This program covers residents of the following cities: Highland, CA and Riverside, CA.",34.1417757,-117.2328049,92346,False,12:00 AM - 12:00 AM  PST,8:00 AM - 2:00 PM  PST,Closed,8:00 AM - 2:00 PM  PST,Closed,Closed,Closed
DC Food Pantry,https://www.auntbertha.com//the-dream-center--lake-elsinore-ca--dc-food-pantry/5878223149727744?postal=92507,['food pantry'],['personal care items'],"['all ages', 'students', 'individuals', 'families']",951-245-7510,https://www.dreamcenterle.org/dc-pantry,"506 West Minthorn Street, Lake Elsinore, CA 92530","https://www.google.com/maps/?q=506+West+Minthorn+Street,+Lake+Elsinore,+CA+92530/",['This program serves the residents of Lake Elsinore and surrounding communities that lie within the boundaries of the Lake Elsinore Unified School Districts (LEUSD).'],available,The food pantry provides quality food items to households experiencing food insecurity. This program supplies critical nutrition to hungry individuals and families. This program provides:- Food to meet basic nutritional needsThe DC Pantry is open to the public to provide food and other resources.,['English'],Free,True,https://www.facebook.com/dreamcenterle,https://www.twitter.com/@dreamcenterLE,"This program covers residents of the following counties: Riverside County, CA.",33.6802782,-117.3298328,92530,False,Closed,9:00 AM - 12:00 PM  PST,9:00 AM - 12:00 PM  PST,9:00 AM - 12:00 PM  PST,Closed,Closed,Closed
Food and Clothing Bank,https://www.auntbertha.com//upland-church-of-christ--upland-ca--food-and-clothing-bank/5306635295653888?postal=92507,"['food pantry', 'clothing']",,"['anyone in need', 'all ages', 'individuals', 'families']",,http://uplandchurchofchrist.org/ministries/food-clothing-outreach,"331 West 9th Street, Upland, CA 91786","https://www.google.com/maps/?q=331+West+9th+Street,+Upland,+CA+91786/","['Live in Upland and the surrounding communities.', 'Photo ID']",available,We at the Upland Church of Christ care about the physical needs of our neighbors and our food pantry serves families and individuals in need twice a monthServices provided to our community include:- Food to meet basic nutritional needs- ClothingTo receive food and clothing participants are required to show ID,['English'],Free,True,,,"This program covers residents of the following counties: Riverside County, CA and San Bernardino County, CA.",34.0962711,-117.6553154,91786,False,10:00 AM - 11:00 AM  PST,Closed,Closed,Closed,Closed,Closed,Closed
Food Pantry,https://www.auntbertha.com//church-of-the-nazarene--banning-ca--food-pantry/6658983717765120?postal=92507,['food pantry'],,"['anyone in need', 'all ages', 'low-income']",951-849-5618,,"500 North 8th Street, Banning, CA 92220","https://www.google.com/maps/?q=500+North+8th+Street,+Banning,+CA+92220/",[],available,This programs helps people in the areas of Banning and Beaumont by providing food. Services:- Nutritional Assistance,"['English', 'Spanish']",Free,True,,,"This program covers residents of the following counties: Riverside County, CA.",33.9301758,-116.8847454,92220,False,Closed,Closed,4:00 PM - 5:00 PM  PST,Closed,Closed,Closed,Closed
Food Box Distribution,https://www.auntbertha.com//emmaus-reformed-baptist-church--olive-branch-ministries--hemet-ca--food-box-distribution/6608801828438016?postal=92507,['food pantry'],,"['anyone in need', 'all ages']",951-444-8765,http://emmausrbc.org/?fbclid=IwAR20GBqlqX8VCJy7X2tvU9NEGEho0TIG70N_sZ8CWjW5Sjoex9SKb9UPwUI,,,[],available,"Our food distribution program serves a few days' worth of meals to families who have fallen on hard times. Services:- Food boxesIf you know of someone in need or if you, yourself, are in need, please call the church to ask about availability of food.",['English'],Free,True,https://www.facebook.com/emmausrbc/,,"This program covers residents of the following counties: Riverside County, CA.",,,,False,8:00 AM - 5:00 PM  PST,8:00 AM - 5:00 PM  PST,8:00 AM - 5:00 PM  PST,8:00 AM - 5:00 PM  PST,8:00 AM - 5:00 PM  PST,Closed,Closed
Food Pantry,https://www.auntbertha.com//james-a.-venable-community-center--cabazon-ca--food-pantry/6329734877937664?postal=92507,"['emergency food', 'food pantry']",,"['anyone in need', 'all ages']",,https://m.facebook.com/profile.php?id=1476817135870285&__tn__=C-R,"50390 Carmen Avenue, Cabazon, CA 92230","https://www.google.com/maps/?q=50390+Carmen+Avenue,+Cabazon,+CA+92230/",[],available,"Our food pantry serves everyone from low income families, single parents, senior citizens, unemployed individuals, disabled veterans, working poor, and anyone else in need of our assistance.Services:- Food to meet basic nutritional needsCOVID-19 Update: we are continuing to offer food at this time.The pantry is open on the third Tuesday of every month from 9:30 am until food runs out, typically around 11 am.",['English'],Free,True,,,"This program covers residents of the following counties: Riverside County, CA.",33.9101858,-116.7821468,92230,False,Closed,9:30 AM - 11:00 AM  PST,Closed,Closed,Closed,Closed,Closed
Monthly Food Bank,https://www.auntbertha.com//sss-good-samaritan--lakewood-ca--monthly-food-bank/5099242022502400?postal=92507,['food pantry'],"['clothing', 'home goods', 'toys & gifts']","['anyone in need', 'all ages']",,http://www.sssgs.org/home/programs/#monthlyfoodbank,"5035 Hedda Street, Lakewood, CA 90805","https://www.google.com/maps/?q=5035+Hedda+Street,+Lakewood,+CA+90805/",['No eligibility'],available,"Our food bank is designed assist or supplement food reserves for families that are barely meeting their basic needs. Most of what we offer is canned food. When available, we also give away toys, household essentials, used clothing, and other home items. We give food on a first come first serve basis to those who come on time, every 4th Saturday monthly at Calvary Hall.  Services Provided - food",['English'],Free,True,https://www.facebook.com/sssgs/info?tab=overview,,"This program covers residents of the following counties: Los Angeles County, CA, Orange County, CA, Riverside County, CA, San Bernardino County, CA and Ventura County, CA.",33.8643601,-118.1344405,90805,False,Closed,Closed,Closed,Closed,Closed,8:30 AM - 10:00 AM  PST,Closed
Food and Clothing Giveaways,https://www.auntbertha.com//stay-free-ministries-outreach--los-angeles-ca--food-and-clothing-giveaways/5095985118183424?postal=92507,"['food pantry', 'clothing']",,"['anyone in need', 'all ages', 'individuals', 'families']",310-966-0162,https://stayfreeministries.org/about-us,"545 S San Pedro St, Los Angeles, CA 90013","https://www.google.com/maps/?q=545+S+San+Pedro+St,+Los+Angeles,+CA+90013/",['Anyone can access this program.'],available,Food and Clothing Giveaways offers food and clothing to people in our community who are in need. They hold the food and clothing giveaways in partnership with New Salvation Ministries at Union Rescue Mission on Skid Row. This program provides:- Food & Clothing DistributionThe food giveaways are held in the parking lot of Union Rescue Mission on the 2nd Saturday of each month.,['English'],Free,True,,,"This program covers residents of the following counties: Los Angeles County, CA, Orange County, CA, Riverside County, CA, San Bernardino County, CA and Ventura County, CA.",34.0433448,-118.2450788,90013,False,Closed,Closed,Closed,Closed,Closed,8:00 AM - 5:00 PM  PST,Closed
Food Pantry,https://www.auntbertha.com//del-rey-church-%2528drc%2529--los-angeles-ca--food-pantry/4682211592765440?postal=92507,['food pantry'],,"['anyone in need', 'all ages']",,https://www.delreychurch.com/food-pantry,"8505 Saran Drive, Los Angeles, CA 90293","https://www.google.com/maps/?q=8505+Saran+Drive,+Los+Angeles,+CA+90293/",['Anyone can access this program.'],available,"Non-Perishable food items, especially for the homeless, available Sundays from 10:00 a.m. - 12:00 p.m.This program provides- Food pantry",['English'],Free,True,https://www.facebook.com/groups/delreychurch/,,"This program covers residents of the following counties: Los Angeles County, CA, Orange County, CA, Riverside County, CA, San Bernardino County, CA and Ventura County, CA.",33.9608132,-118.4328757,90293,False,9:00 AM - 5:00 PM  PST,9:00 AM - 5:00 PM  PST,9:00 AM - 5:00 PM  PST,9:00 AM - 5:00 PM  PST,9:00 AM - 5:00 PM  PST,Closed,12:00 PM - 5:00 PM  PST
Emergency Food Pantry,https://www.auntbertha.com//blythe-emergency-food-pantry--blythe-ca--emergency-food-pantry/5732486044975104?postal=92507,"['emergency food', 'food pantry']",,"['anyone in need', 'all ages', 'individuals', 'families']",,https://m.facebook.com/login.php?next=https%3A%2F%2Fm.facebook.com%2FBlythe-Emergency-Food-Pantry-1833494273550753%2F&refsrc=deprecated&_rdr,,,['Must live in Riverside County.'],available,"The food pantry serves everyone from low income families, single parents, senior citizens, unemployed individuals, disabled veterans, working poor, and anyone else that comes to the pantry. This program provides foods to people who might otherwise go hungry.This program provides:- Food to meet basic nutritional needsParticipants are allowed to receive food once a month.",['English'],Free,True,,,"This program covers residents of the following counties: Riverside County, CA.",33.6086742,-114.5997828,92225,False,10:00 AM - 11:45 AM  PST,10:00 AM - 11:45 AM  PST,10:00 AM - 11:45 AM  PST,10:00 AM - 11:45 AM  PST,10:00 AM - 11:45 AM  PST,Closed,Closed
Food Distribution,https://www.auntbertha.com//circle-of-care-ministry--temecula-ca--food-distribution/5572837373116416?postal=92507,['food pantry'],,"['anyone in need', 'all ages', 'individuals', 'families']",951-973-3582,https://circleofcareministries.org/,"26090 Ynez Road, Temecula, CA 92591","https://www.google.com/maps/?q=26090+Ynez+Road,+Temecula,+CA+92591/",['Anyone can access this program.'],available,"Circle of Care provides quality food items to households experiencing food insecurity. The food distribution program supplies critical nutrition to hungry individuals and families.This program provides:- Food to meet nutritional needsFood is distributed in a drive-by format Mondays, Tuesdays & Thursdays every week at 11:30 a.m. until everyone is served. Please leave space in your vehicle for staff to place food items when you drive up. They serve everyone and do not have any requirements to receive grocery assistance.",['English'],Free,True,,,"This program covers residents of the following counties: Riverside County, CA.",33.529481,-117.1622147,92591,False,12:00 AM - 12:00 AM  PST,9:30 AM - 11:00 AM  PST,Closed,9:30 AM - 11:00 AM  PST,9:30 AM - 11:00 AM  PST,9:30 AM - 11:00 AM  PST,Closed
Marsha P. Johnson LGBTQ+ Youth Drop In Center,https://www.auntbertha.com//transgender-health-and-wellness-center-%2528th%2526wc%2529--palm-springs-ca--marsha-p.-johnson-lgbtq%252B-youth-drop-in-center/4618090558390272?postal=92507,"['food pantry', 'personal care items', 'counseling', 'community support services', 'recreation', 'navigating the system', 'mentoring', 'support groups', 'virtual support', 'advocacy & legal aid']",,"['teens', 'school-aged children', 'lgbtqia+', 'individuals']",760-464-0223,https://trans.health/mpj-youthcenter/,"340 South Farrell Drive, Palm Springs, CA 92262","https://www.google.com/maps/?q=340+South+Farrell+Drive,+Palm+Springs,+CA+92262/",['This program serves LGBTQ+ youth.'],available,"Transgender Health and Wellness Center (TH&WC) provides a safe space and a resource for LGBTQ+ youth in the Coachella Valley. Their mission is to support and assist LGBTQ+ youth to find their power and to offer resources for the youth's continued development with a focus on mental health and skill set development. 

This program provides:

- Crisis counseling
- Mentoring
- Linkage to free mental health programs 
- Online and in-person support groups
- Youth centered social events
- Food and hygiene pantry
- Game room
- Juvenile Justice Prevention
- Homework assistance",['English'],Free,True,https://www.facebook.com/TransCC,,"This program covers residents of the following counties: Riverside County, CA.",33.8183454,-116.517751,92262,False,11:00 AM - 5:00 PM  PST,11:00 AM - 5:00 PM  PST,11:00 AM - 5:00 PM  PST,11:00 AM - 5:00 PM  PST,11:00 AM - 5:00 PM  PST,Closed,Closed
SoCal Reentry Program,https://www.auntbertha.com//tayba-foundation--san-bernardino-ca--socal-reentry-program/5164741974687744?postal=92507,"['food pantry', 'addiction & recovery', 'mental health care', 'group therapy', 'navigating the system', 'case management', 'one-on-one support', 'computer class', 'identification recovery']",,"['adults 18+', 'criminal justice history', 'unemployed', 'individuals', 'families', 'near homeless', 'limited english', 'all mental health', 'substance dependency']",909-543-6173,https://www.taybafoundation.org/reentry-socal,"1887 Business Center Drive South, San Bernardino, CA 92408","https://www.google.com/maps/?q=1887+Business+Center+Drive+South,+San+Bernardino,+CA+92408/",['This program serves the formerly incarcerated.'],available,"The Tayba Foundation offers individualized case management for individuals and families who have been affected by incarceration. They also provide a food pantry, and upskilling to support individuals on their journey.This program provides:- Case management- Assistance obtaining personal ID and documents- Mental health services- Recovery group meetings - Referrals  - Computer class- Food pantry","['English', 'Spanish']",Free,True,https://www.facebook.com/TaybaFoundation/,https://www.twitter.com/@taybafoundation,"This program covers residents of the following counties: Orange County, CA, Riverside County, CA and San Bernardino County, CA.",34.0681686,-117.2802782,92408,False,9:00 AM - 5:00 PM  PST,9:00 AM - 5:00 PM  PST,9:00 AM - 5:00 PM  PST,9:00 AM - 5:00 PM  PST,9:00 AM - 5:00 PM  PST,Closed,Closed
Food For Life,https://www.auntbertha.com//starting-over%252C-inc.--riverside-ca--food-for-life/6582199732535296?postal=92507,['food pantry'],,"['anyone in need', 'all ages', 'individuals', 'families', 'limited english']",951-898-0862,https://www.startingoverinc.org/food-for-life,"6355 Riverside Avenue, Riverside, CA 92506","https://www.google.com/maps/?q=6355+Riverside+Avenue,+Riverside,+CA+92506/",['Anyone in need can access this program.'],available,"Food For Life provides quality food items to households experiencing food insecurity. This program supplies critical nutrition to hungry individuals and families.This program provides:- Food to meet basic nutritional needsFresh groceries are available bimonthly, on every second and fourth Saturday of the month from 8:00 a.m. to 12:00 p.m. Bags are provided.","['English', 'Spanish']",Free,True,https://www.facebook.com/startingoverinc,https://www.twitter.com/@SOI__CA,"This program covers residents of the following cities: Riverside, CA.",33.9520578,-117.3885994,92506,False,Closed,Closed,Closed,Closed,Closed,8:00 AM - 12:00 PM  PST,Closed
Food Distribution,https://www.auntbertha.com//high-desert-outreach-center--adelanto-ca--food-distribution/5739472775282688?postal=92507,['food pantry'],,"['anyone in need', 'all ages']",760-991-2823,https://m.facebook.com/people/High-Desert-Outreach-Center/100064488921049/?fref=ts,"17537 Montezuma Street, Adelanto, CA 92301","https://www.google.com/maps/?q=17537+Montezuma+Street,+Adelanto,+CA+92301/",['Anyone can access this program.'],available,High Desert Outreach Center's Food Distribution program provides food to High Desert families in need of food assistance. Bring your own bags or box. This program provides :- Food to meet basic nutritional needsIndividuals in need of food should visit the Facebook page to see when and where the next drive-through distribution will take place.,"['English', 'Spanish']",Free,True,,,"This program covers residents of the following counties: Riverside County, CA and San Bernardino County, CA.",34.5694929,-117.4095925,92301,False,Closed,Closed,Closed,Closed,9:30 AM - 11:00 AM  PST,Closed,Closed
Food Pantry,https://www.auntbertha.com//lutheran-social-services-of-southern-california-%2528lsssc%2529--riverside-ca--food-pantry/5738902336045056?postal=92507,['food pantry'],,"['all ages', 'individuals', 'families', 'limited english', 'emergency']",951-689-8447,https://www.lsssc.org/what-we-do/emergency-services/,"6857 Indiana Avenue, Riverside, CA 92506","https://www.google.com/maps/?q=6857+Indiana+Avenue,+Riverside,+CA+92506/",['This program serves those who are in the coverage area.'],available,"LSSSC's food pantries provide fresh and non-perishable food in cans/cartons, refrigerated meats, vegetables & dairy products to community members in need. 

This program provides: 

- Food to meet basic nutritional needs

Each location's food pantry has individual operating hours. Please call ahead of time to verify available services.","['English', 'Spanish']",Free,True,https://www.facebook.com/LSSSouthernCalifornia/,https://www.twitter.com/@LSSSouthernCal,"This program covers residents of the following counties: Los Angeles County, CA, Orange County, CA, Riverside County, CA, San Bernardino County, CA, San Diego County, CA and Ventura County, CA.",33.9427601,-117.3930643,92506,False,9:00 AM - 4:30 PM  PST,9:00 AM - 4:30 PM  PST,9:00 AM - 4:30 PM  PST,9:00 AM - 4:30 PM  PST,9:00 AM - 4:30 PM  PST,Closed,Closed
CHC Community Services,https://www.auntbertha.com//university-of-california%252C-riverside-%2528ucr%2529---school-of-medicine-center-for-healthy-communities--march-air-reserve-base-ca--chc-community-services/4913899893293056?postal=92507,"['food pantry', 'help find housing', 'clothing', 'primary care', 'government benefits']",,"['adults', 'young adults', 'seniors', 'students']",,https://healthycommunities.ucr.edu/,"14350 Meridian Parkway, March Air Reserve Base, CA 92518","https://www.google.com/maps/?q=14350+Meridian+Parkway,+March+Air+Reserve+Base,+CA+92518/",[],available,Providing assistance by connecting individuals to needed resources by conducting a social determinants of health (SDOH) assessment.,['English'],Free,True,,,"This program covers residents of the following cities: Riverside, CA.",33.91077250000001,-117.2875428,92518,False,8:00 AM - 5:00 PM  PST,8:00 AM - 5:00 PM  PST,8:00 AM - 5:00 PM  PST,8:00 AM - 5:00 PM  PST,8:00 AM - 5:00 PM  PST,Closed,Closed
Self-Sufficiency,https://www.auntbertha.com//riverside-county---department-of-public-social-services--riverside-ca--self-sufficiency/5299450250264576?postal=92507,"['food pantry', 'residential housing', 'financial assistance', 'government benefits', 'understand government programs', 'childcare', 'navigating the system', 'skills & training']",,"['adults 18+', 'unemployed', 'individuals', 'families', 'benefit recipients', 'low-income', 'limited english']",877-410-8827,https://rivcodpss.org/self-sufficiency,"12625 Heacock Street, Moreno Valley, CA 92553","https://www.google.com/maps/?q=12625+Heacock+Street,+Moreno+Valley,+CA+92553/",['This program serves working class people and families with low or no income.'],available,The Self-Sufficiency program provides working class people and families with low or no income find their path to economic independence.This program provides:- Food to meet basic nutritional needs- Housing- Cash- Child care- Employment and health coverage assistance,"['English', 'Spanish']",Free,True,https://www.facebook.com/RivCoDPSS/,https://www.twitter.com/@RivCoDPSS,"This program covers residents of the following counties: Riverside County, CA.",33.9369687,-117.2450143,92553,False,8:00 AM - 5:00 PM  PST,8:00 AM - 5:00 PM  PST,8:00 AM - 5:00 PM  PST,8:00 AM - 5:00 PM  PST,8:00 AM - 5:00 PM  PST,Closed,Closed
R'Pantry,https://www.auntbertha.com//university-of-california%252C-riverside--riverside-ca--r%2527pantry/4600232831746048?postal=92507,"['food pantry', 'baby supplies', 'home goods', 'personal care items', 'navigating the system']",,"['adults', 'young adults', 'teens', 'students']",,https://basicneeds.ucr.edu/rpantry,"900 University Avenue, Riverside, CA 92521","https://www.google.com/maps/?q=900+University+Avenue,+Riverside,+CA+92521/","['This program serves undergraduate and graduate students of the University of California, Riverside.']",available,"R'Pantry provides emergency non-perishable food, personal hygiene, household care, and childcare items to both undergraduate and graduate students experiencing food insecurity. This program also connects Highlanders to on- and off-campus food resources and provide programs and workshops that improve health and wellness.This program provides:- Food to meet basic nutritional needs- Help accessing available local resourcesIndividuals can check their Facebook or Instagram for current program details. Appointments are mandatory. One Appointment is allowed per student, weekly. If multiple appointments are made by the same individual, all appointments belonging to the individual will be canceled for the week.",['English'],Free,True,https://www.facebook.com/ucrbasicneeds,https://www.twitter.com/@UCRBasicNeeds,"This program covers residents of the following cities: Riverside, CA.",33.9754254,-117.3315965,92521,False,8:00 AM - 5:00 PM,8:00 AM - 5:00 PM,8:00 AM - 5:00 PM,8:00 AM - 5:00 PM,8:00 AM - 5:00 PM,Closed,Closed
Emergency Food Pantry,https://www.auntbertha.com//casa-blanca-home-of-neighborly-service-%2528cbhns%2529--riverside-ca--emergency-food-pantry/5388105253519360?postal=92507,"['emergency food', 'food pantry']","['help find housing', 'navigating the system', 'help fill out forms', 'help find work', 'translation & interpretation']","['anyone in need', 'all ages', 'unemployed', 'individuals', 'families', 'with children', 'limited english']",951-688-3043,https://casablancahns.org/,"7680 Casa Blanca Street, Riverside, CA 92504","https://www.google.com/maps/?q=7680+Casa+Blanca+Street,+Riverside,+CA+92504/",['Anyone can access this program.'],available,"Casa Blanca Home of Neighborly Service (CBHNS) operates an Emergency Food Pantry for households experiencing a critical nutritional need.This program provides:- Emergency foodThis pantry is open 4 days each week, and households can access the pantry once each month.","['English', 'Spanish']",Free,True,https://www.facebook.com/profile.php?id=100011979676777,,"This program covers residents of the following cities: Riverside, CA.",33.9320441,-117.4067931,92504,False,9:00 AM - 4:00 PM  PST,9:00 AM - 4:00 PM  PST,Closed,9:00 AM - 4:00 PM  PST,9:00 AM - 4:00 PM  PST,Closed,Closed
Drive Thru Food Distribution,https://www.auntbertha.com//casa-blanca-home-of-neighborly-service-%2528cbhns%2529--riverside-ca--drive-thru-food-distribution/5150997549809664?postal=92507,['food pantry'],"['help find housing', 'navigating the system', 'help fill out forms', 'help find work', 'translation & interpretation']","['anyone in need', 'all ages', 'unemployed', 'individuals', 'families', 'with children', 'limited english']",,https://casablancahns.org/,"7680 Casa Blanca Street, Riverside, CA 92504","https://www.google.com/maps/?q=7680+Casa+Blanca+Street,+Riverside,+CA+92504/",['Anyone can access this program.'],available,Casa Blanca Home of Neighborly Service offers a drive thru food distribution once each week to provide quality food items to households experiencing food insecurity.This program provides:- Food to meet basic nutritional needsThe weekly food distribution takes place on Wednesdays from 10 a.m. to 11 a.m.,"['English', 'Spanish']",Free,True,https://www.facebook.com/profile.php?id=100011979676777,,"This program covers residents of the following cities: Riverside, CA.",33.9320441,-117.4067931,92504,False,Closed,Closed,10:00 AM - 11:00 AM  PST,Closed,Closed,Closed,Closed
Food Pantry,https://www.auntbertha.com//our-lady-of-perpetual-help--riverside-ca--food-pantry/5699927902650368?postal=92507,['food pantry'],,"['anyone in need', 'all ages', 'individuals', 'families', 'limited english']",951-687-8146,https://www.olphriverside.org/food-pantry/,"5250 Central Avenue, Riverside, CA 92504","https://www.google.com/maps/?q=5250+Central+Avenue,+Riverside,+CA+92504/",['Anyone can access this program.'],available,Our Lady of Perpetual Help's Food Pantry provides quality food items to households experiencing food insecurity. This program supplies critical nutrition to hungry individuals and families. This program provides:- Food to meet basic nutritional needs,"['English', 'Spanish']",Free,True,,,"This program covers residents of the following counties: Riverside County, CA.",33.9530214,-117.4175291,92504,False,9:00 AM - 11:30 AM  PST,9:00 AM - 11:30 AM  PST,9:00 AM - 11:30 AM  PST,9:00 AM - 11:30 AM  PST,9:00 AM - 11:30 AM  PST,Closed,Closed
Food and Clothing Distribution,https://www.auntbertha.com//jordan-outreach-ministries--indio-ca--food-and-clothing-distribution/6338874625228800?postal=92507,"['emergency food', 'food pantry', 'diapers & formula', 'clothing', 'personal care items']",,"['all ages', 'individuals', 'families', 'low-income']",760-398-3352,https://www.jom.org/what-we-do,"43160 Madison Street, Indio, CA 92201","https://www.google.com/maps/?q=43160+Madison+Street,+Indio,+CA+92201/",['This program serves low income individuals and families in need.'],available,Jordan Outreach Ministries provides a variety of basic needs items to impoverished individuals and families in need. The program also offers these supplies in times of emergencies.This program provides:- Food- Clothing- Personal hygiene items- Baby diapers- Emergency foodPlease call to schedule an appointment.,['English'],Free,True,https://www.facebook.com/JordanOutreachMinistries,,"This program covers residents of the following counties: Riverside County, CA.",33.7357395,-116.2499793,92201,False,9:00 AM - 3:00 PM  PST,9:00 AM - 3:00 PM  PST,9:00 AM - 3:00 PM  PST,9:00 AM - 3:00 PM  PST,9:00 AM - 3:00 PM  PST,Closed,Closed
Goodwill Food Drive 2/21/22,https://www.auntbertha.com//goodwill-southern-california---victorville--victorville-ca--goodwill-food-drive-2-21-22/5683552571228160?postal=92507,"['emergency food', 'food pantry']",['help find work'],"['all ages', 'individuals', 'families', 'limited english']",909-659-6647,http://goodwillsocal.org/,"16934 Bear Valley Road, Victorville, CA 92395","https://www.google.com/maps/?q=16934+Bear+Valley+Road,+Victorville,+CA+92395/",['We serve residents in our service area.'],available,Goodwill Food Drive 2/21/22,"['English', 'Spanish']",Free,True,https://www.facebook.com/GoodwillSoCal,https://www.twitter.com/@GoodwillSoCal,"This program covers residents of the following counties: Riverside County, CA and San Bernardino County, CA.",34.4721298,-117.2938341,92395,False,9:00 AM - 4:00 PM  PST,Closed,Closed,Closed,Closed,Closed,Closed
Food Pantry,https://www.auntbertha.com//blythe-emergency-food-pantry--blythe-ca--food-pantry/6246040224399360?postal=92507,"['emergency food', 'food pantry']",,"['all ages', 'individuals', 'families', 'low-income', 'emergency']",760-922-8836,https://aging.networkofcare.org/riverside/services/agency?pid=BLYTHEEMERGENCYFOODPANTRY_38_1_0,,,['This program serves low-income households in the Eastern Riverside County.'],available,"Blythe Emergency Food Pantry distributes quality food items to those who are in emergency need. This program supplies critical nutrition to hungry individuals and families. This program provides:- Emergency FoodPrograms provides 2-3 days of emergency food. Assistance is limited to twice a month, and Government commodities are distributed on the first Wednesday of the month.","['English', 'Spanish']",Free,True,https://www.facebook.com/pg/Blythe-Emergency-Food-Pantry-1833494273550753/about/?ref=page_internal,,"This program covers residents of the following counties: Riverside County, CA.",33.6087318,-114.5997809,92225,False,10:00 AM - 11:45 AM  PST,10:00 AM - 11:45 AM  PST,10:00 AM - 11:45 AM  PST,10:00 AM - 11:45 AM  PST,10:00 AM - 11:45 AM  PST,Closed,Closed
Food Pantry,https://www.auntbertha.com//disabled-american-veterans-%2528dav%2529---charlotte-w-fay-chapter-28--riverside-ca--food-pantry/5929939524517888?postal=92507,['food pantry'],,"['adults 18+', 'veterans', 'individuals']",951-369-8626,http://www.davmembersportal.org/chapters/CA/28/default.aspx,"4351 University Avenue, Riverside, CA 92501","https://www.google.com/maps/?q=4351+University+Avenue,+Riverside,+CA+92501/",['This program serves Veterans'],available,The Disabled American Veterans (DAV)  food pantry provides quality food items to households experiencing food insecurity. This program supplies critical nutrition to hungry individuals and families. This program provides:- Food to meet basic nutritional needsThe pantry is open on the third Saturday of each month.,['English'],Free,True,,,"This program covers residents of the following cities: Riverside, CA.",33.9858097,-117.3821368,92501,False,Closed,Closed,Closed,Closed,Closed,9:00 AM - 10:00 AM  PST,Closed
Food Pantry,https://www.auntbertha.com//tayba-foundation--san-bernardino-ca--food-pantry/6642628684808192?postal=92507,['food pantry'],,"['adults 18+', 'criminal justice history', 'individuals']",909-543-6173,https://www.taybafoundation.org/reentry-socal,"1887 Business Center Drive South, San Bernardino, CA 92408","https://www.google.com/maps/?q=1887+Business+Center+Drive+South,+San+Bernardino,+CA+92408/",['This program serves the formally incarcerated.'],available,Tayba Foundation offers a food pantry which provides quality food items to households experiencing food insecurity. This program supplies critical nutrition to hungry individuals who were formally incarcerated.This program provides:- Food to meet basic nutritional needsPlease contact the program to fill out and intake form.,"['English', 'Spanish']",Free,True,https://www.facebook.com/TaybaFoundation/,https://www.twitter.com/@taybafoundation,"This program covers residents of the following counties: Orange County, CA, Riverside County, CA and San Bernardino County, CA.",34.0681686,-117.2802782,92408,False,9:00 AM - 5:00 PM  PST,9:00 AM - 5:00 PM  PST,9:00 AM - 5:00 PM  PST,9:00 AM - 5:00 PM  PST,9:00 AM - 5:00 PM  PST,Closed,Closed
Food Pantry,https://www.auntbertha.com//magnolia-center-church-of-christ--riverside-ca--food-pantry/5284546851504128?postal=92507,['food pantry'],,"['all ages', 'individuals', 'families']",951-686-4343,https://magcenterchurch.com/food-pantry,"6160 Riverside Avenue, Riverside, CA 92506","https://www.google.com/maps/?q=6160+Riverside+Avenue,+Riverside,+CA+92506/",[],available,The Magnolia Center Church of Christ seeks to alleviate hunger in the community by providing food. This program provides:- Food to meet basic nutritional needsPlease come by the church and someone will be more than happy to help so that you don't go hungry. You can also call during contact hours for more information about this program.,"['American Sign Language', 'English']",Free,True,https://www.facebook.com/MagnoliaCenterChurchofChrist/?ref=page_internal,,"This program covers residents of the following cities: Riverside, CA.",33.9570165,-117.387301,92506,False,Closed,Closed,Closed,Closed,Closed,Closed,11:15 AM - 12:15 PM  PST
Food Distribution,https://www.auntbertha.com//lighthouse-of-hope-foundation--riverside-ca--food-distribution/6364517402804224?postal=92507,['food pantry'],,"['anyone in need', 'all ages', 'individuals', 'families']",,https://lighthouseofhopeca.com/events-3/,"9085 California Avenue, Riverside, CA 92503","https://www.google.com/maps/?q=9085+California+Avenue,+Riverside,+CA+92503/",['Anyone can access this program.'],available,Lighthouse of Hope Foundation's Food Distribution provides quality food items to households experiencing food insecurity. This program supplies critical nutrition to hungry individuals and families.This program provides:- Food to meet basic nutritional needsAvailable every third Saturday. Visit the website or email for specific dates and times.,['English'],Free,True,https://www.facebook.com/LighthouseofHopeFoundationInc/,,"This program covers residents of the following cities: Riverside, CA.",33.9315108,-117.4439383,92503,False,Closed,Closed,Closed,Closed,Closed,11:00 AM - 1:00 PM  PST,Closed
Food Pantry,https://www.auntbertha.com//lighthouse-of-hope-foundation--riverside-ca--food-pantry/6281355036065792?postal=92507,['food pantry'],,"['anyone in need', 'all ages', 'individuals', 'families', 'with children']",951-977-6560,https://lighthouseofhopeca.com/food/,"9085 California Avenue, Riverside, CA 92503","https://www.google.com/maps/?q=9085+California+Avenue,+Riverside,+CA+92503/",['Anyone can access this program.'],available,"Lighthouse of Hope Foundation offers quality food items to households experiencing food insecurity. This program supplies critical nutrition to hungry individuals and families. This program provides:- Food to meet basic nutritional needsPlease note, the food pantry is available every Monday, Wednesday and Friday. They are also open every 3rd Saturday.","['English', 'Spanish']",Free,True,https://www.facebook.com/LighthouseofHopeFoundationInc,,"This program covers residents of the following counties: Riverside County, CA.",33.9314615,-117.4441111,92503,False,Closed,Closed,11:00 AM - 1:00 PM  PST,Closed,11:00 AM - 1:00 PM  PST,Closed,Closed
Food Distribution,https://www.auntbertha.com//st.-michael%2527s-riverside-episcopal-ministry--riverside-ca--food-distribution/5943624581906432?postal=92507,['food pantry'],,"['anyone in need', 'all ages', 'individuals', 'families']",951-689-0642,https://m.facebook.com/login.php?next=https%3A%2F%2Fm.facebook.com%2FStMichaelsEpiscopalMinistryCenter%2F&refsrc=deprecated&_rdr,"4070 Jackson Street, Riverside, CA 92503","https://www.google.com/maps/?q=4070+Jackson+Street,+Riverside,+CA+92503/",[],available,St. Michael's Riverside Episcopal Ministry seeks to alleviate hunger in the community by distributing nutritious food to those in need.This program provides:- Food to meet basic nutritional needsFood is generally distributed on Thursday mornings. Please call or visit the Facebook page for specific dates and times.,['English'],Free,True,,,"This program covers residents of the following cities: Riverside, CA.",33.9285098,-117.4430159,92503,False,Closed,Closed,Closed,8:00 AM - 9:00 AM  PST,Closed,Closed,Closed
Food Distribution,https://www.auntbertha.com//faith-lutheran-church--riverside-ca--food-distribution/5861392264593408?postal=92507,['food pantry'],,"['anyone in need', 'all ages', 'individuals', 'families']",951-689-2626,https://www.flcriv.org/ministries,"4785 Jackson Street, Riverside, CA 92503","https://www.google.com/maps/?q=4785+Jackson+Street,+Riverside,+CA+92503/",[],available,Faith Lutheran Church helps alleviate food insecurity and raises awareness of hunger in the community.This program provides:- Food to meet basic nutritional needs,['English'],Free,True,https://www.facebook.com/paulgwenz,,"This program covers residents of the following cities: Riverside, CA.",33.9396369,-117.4510413,92503,False,Closed,Closed,10:15 AM - 11:15 AM,Closed,Closed,Closed,Closed
Food Pantry,https://www.auntbertha.com//bethel-christian-center--riverside-ca--food-pantry/5746179068526592?postal=92507,['food pantry'],,"['anyone in need', 'all ages', 'individuals', 'families']",951-359-1123,https://www.bethelchristiancenter.com/,"2425 Van Buren Boulevard, Riverside, CA 92503","https://www.google.com/maps/?q=2425+Van+Buren+Boulevard,+Riverside,+CA+92503/",['Anyone can access this program'],available,Bethel Christian Center helps alleviate food insecurity and raises awareness of hunger in the community.This program provides:- Food to meet basic nutritional needsClients are asked to call ahead of time to schedule an appointment.,['English'],Free,True,https://www.facebook.com/BethelChristianCenterRiversideCA/,,"This program covers residents of the following cities: Riverside, CA.",33.9013608,-117.4291166,92503,False,8:00 AM - 12:00 PM  PST,8:00 AM - 12:00 PM  PST,8:00 AM - 12:00 PM  PST,8:00 AM - 12:00 PM  PST,8:00 AM - 12:00 PM  PST,Closed,Closed
Monthly Food Distribution,https://www.auntbertha.com//our-lady-of-the-valley-catholic-church--hemet-ca--monthly-food-distribution/6521577396764672?postal=92507,['food pantry'],,"['anyone in need', 'all ages', 'individuals', 'families']",951-929-6131,https://www.olvhemet.org/,"780 South State Street, Hemet, CA 92543","https://www.google.com/maps/?q=780+South+State+Street,+Hemet,+CA+92543/",['Anyone can access this program'],available,The monthly food distribution at Our Lady of the Valley Catholic Church provides quality food items to households experiencing food insecurity. This program supplies critical nutrition to hungry individuals and families. This program provides:- Food to meet basic nutritional needsDistribution takes place on the 4th Tuesday of each momth.,['English'],Free,True,,,"This program covers residents of the following counties: Riverside County, CA.",33.7357839,-116.9708929,92543,False,Closed,9:00 AM - 10:00 AM  PST,Closed,Closed,Closed,Closed,Closed
Food Pantry Services,https://www.auntbertha.com//help-me-help-you--long-beach-ca--food-pantry-services/6285662118477824?postal=92507,"['emergency food', 'food pantry']","['navigating the system', 'support network']","['anyone in need', 'all ages', 'individuals', 'families', 'low-income']",,https://www.helpmehelpu.org/ggng,"668 Obispo Avenue, Long Beach, CA 90814","https://www.google.com/maps/?q=668+Obispo+Avenue,+Long+Beach,+CA+90814/",[],available,"Every person should have access to the nutritious food needed to live a healthy and productive life. This program offers quality nutritious food to homeless and low-income families and individuals in the community.  Our goal is to make the health and well-being of our clients a priority.  

We operated 11 food pantry locations throughout the city of Long Beach.  Visit our website for specific locations, times, and addresses.","['English', 'Spanish']",Free,True,https://www.facebook.com/helplb,https://www.twitter.com/@hmhy,"This program covers residents of the following counties: Los Angeles County, CA, Orange County, CA, Riverside County, CA, San Bernardino County, CA and Ventura County, CA.",33.7748052,-118.1544692,90814,False,Closed,Closed,Closed,Closed,1:00 PM - 2:30 PM  PST,Closed,Closed
Community Pantry,https://www.auntbertha.com//kidz-come-first--riverside-ca--community-pantry/5439183731687424?postal=92507,"['food pantry', 'clothing']",,"['anyone in need', 'all ages']",951-790-9331,https://www.facebook.com/login/?next=https%3A%2F%2Fwww.facebook.com%2F,,,['Anyone can access this program.'],available,Kidz Come First Community Pantry supplies food and clothing to anyone in need in the community.This program provides:- Food to meet basic nutritional needs- Clothing Please reach out by phone for more information.,['English'],Free,True,,,"This program covers residents of the following cities: Riverside, CA.",,,,False,9:00 AM - 5:00 PM  PST,9:00 AM - 5:00 PM  PST,9:00 AM - 5:00 PM  PST,9:00 AM - 5:00 PM  PST,9:00 AM - 5:00 PM  PST,Closed,Closed
Food Pantry,https://www.auntbertha.com//wesley-united-methodist-church--riverside-ca--food-pantry/6351008774488064?postal=92507,['food pantry'],,"['anyone in need', 'all ages', 'individuals', 'families', 'homeless']",951-689-2649,http://www.riversidewesley.org/ministries/outreach-homeless-ministries/pantry,"5770 Arlington Avenue, Riverside, CA 92504","https://www.google.com/maps/?q=5770+Arlington+Avenue,+Riverside,+CA+92504/",[],available,"Wesley United Methodist Church offers their Food Pantry to individuals and families in the community who are in need of assistance obtaining nourishing foods.This program provides:- Food to meet basic nutritional needsThere is a Drive-Thru Pantry and a Walk-thru Pantry for those without vehicles. Hours are Fridays from 9:30 a.m. to 10:30 a.m., or until they run out of food.",['English'],Free,True,https://www.facebook.com/Wesley-United-Methodist-Church-117106038356346/,,"This program covers residents of the following cities: Riverside, CA.",33.9452856,-117.42852,92504,False,Closed,Closed,Closed,Closed,9:30 AM - 10:30 AM  PST,Closed,Closed
Magnolia Pantry,https://www.auntbertha.com//magnolia-church--riverside-ca--magnolia-pantry/6752021401174016?postal=92507,['food pantry'],,"['anyone in need', 'all ages', 'individuals', 'families']",,https://magonline.com/volunteer/,"8351 Magnolia Avenue, Riverside, CA 92504","https://www.google.com/maps/?q=8351+Magnolia+Avenue,+Riverside,+CA+92504/",['Anyone can access this program.'],available,The Magnolia Pantry helps local families lower their grocery bills by assisting with monthly food distribution. This program supplies critical nutrition to hungry individuals and families. This program provides: - Food to meet basic nutritional needs The pantry is open on the 3rd Saturday of every month from 8:30am - 11:30am.,['English'],Free,True,https://www.facebook.com/MagnoliaChurch/,https://www.twitter.com/@Magnolia_Church,"This program covers residents of the following cities: Riverside, CA.",33.9338941,-117.4258181,92504,False,Closed,Closed,Closed,Closed,Closed,8:30 AM - 11:30 AM  PST,Closed
Homeless Food Distribution,https://www.auntbertha.com//set-free-christian-fellowship-of-riverside--riverside-ca--homeless-food-distribution/5871620527882240?postal=92507,['food pantry'],,"['all ages', 'homeless']",951-680-9868,https://m.facebook.com/login.php?next=https%3A%2F%2Fm.facebook.com%2Fgroups%2F1695879964069014&refsrc=deprecated&_rdr,"3021 14th Street, Riverside, CA 92507","https://www.google.com/maps/?q=3021+14th+Street,+Riverside,+CA+92507/",['This program serves homeless individuals in the Riverside area.'],available,Set Free Christian Fellowship of Riverside provides homeless food bag distributions with quality food items to individuals experiencing food insecurity. This program supplies critical nutrition to hungry homeless individuals in the area. This program provides:- Food to meet basic nutritional needs,['English'],Free,True,,,"This program covers residents of the following cities: Riverside, CA.",33.9725364,-117.370048,92507,False,9:30 AM - 2:30 PM,9:30 AM - 2:30 PM,9:30 AM - 2:30 PM,9:30 AM - 2:30 PM,9:30 AM - 2:30 PM,Closed,Closed
Weekly Family Distribution,https://www.auntbertha.com//vida-life-ministries--bloomington-ca--weekly-family-distribution/6407308061442048?postal=92507,['food pantry'],,"['anyone in need', 'adults 18+', 'individuals', 'families', 'low-income', 'limited english']",323-823-4762,https://www.vidalifeministries.org/programs,"11608 Cedar Ave, Bloomington, CA 92316","https://www.google.com/maps/?q=11608+Cedar+Ave,+Bloomington,+CA+92316/","['This program helps people who are older than 17 years old.', 'This program helps people with income at or below 200% of federal poverty guidelines.', 'This program serves individuals and families']",available,"Vida Life Ministries offers weekly distribution of $200 worth of free groceries for low-income individuals and families within the community. This program provides:- Food to meet basic nutritional needsPlease note, boxes must be picked up during specific distribution times. If you do not abide by the rules, you will be dropped from the list. Pre-registering before visiting is recommended.","['English', 'Spanish']",Free,True,https://www.facebook.com/vidalifeministries/,,"This program covers residents of the following counties: Riverside County, CA and San Bernardino County, CA.",34.0429143,-117.3967371,92316,False,Closed,Closed,Closed,Closed,Closed,8:00 AM - 11:00 AM  PST,Closed
Doug Out,https://www.auntbertha.com//childhood-cancer-foundation-of-southern-california-%2528ccfsc%2529--loma-linda-ca--doug-out/4891479438786560?postal=92507,"['temporary shelter', 'food pantry', 'personal hygiene']",,"['teens', 'infants', 'children', 'grieving', 'cancer', 'parents', 'childhood cancer survivors', 'facing end of life', 'on-treatment', 'post-treatment', 'young adult cancer survivors', 'recently diagnosed']",909-558-3419,http://ccfsocal.org/doug-out/,"11155 Mountain View Avenue, Loma Linda, CA 92354","https://www.google.com/maps/?q=11155+Mountain+View+Avenue,+Loma+Linda,+CA+92354/","['This program is available to families who have a child diagnosed with cancer', 'This program helps people who are younger than 19 years old.']",available,"The Doug-Out is a two-bedroom house that provides a home for parents to stay while their child is receiving treatment at no cost to them.

This program provides:

- Overnight Accommodations
- Shower Facilities
- Kitchen & Stocked Pantry
- Laundry Facility",['English'],Free,True,https://www.facebook.com/ccfsocal,https://www.twitter.com/@CCF_SoCal,"This program covers residents of the following counties: Riverside County, CA and San Bernardino County, CA.",34.0513258,-117.2424817,92354,False,8:00 AM - 5:00 PM  PST,8:00 AM - 5:00 PM  PST,8:00 AM - 5:00 PM  PST,8:00 AM - 5:00 PM  PST,8:00 AM - 5:00 PM  PST,Closed,Closed
Food Assistance,https://www.auntbertha.com//arlington-seventh-day-adventist-church--riverside-ca--food-assistance/5991700347224064?postal=92507,['food pantry'],,"['anyone in need', 'all ages', 'individuals', 'families']",951-688-6630,https://www.adventist.org/,"8778 Magnolia Avenue, Riverside, CA 92503","https://www.google.com/maps/?q=8778+Magnolia+Avenue,+Riverside,+CA+92503/",['Anyone can access this program.'],available,Arlington Seventh Day Adventist Church's food assistance program provides food for people in need in our community. Their program helps alleviate food insecurity and raises awareness of hunger in the community.This program provides:- Food to meet basic nutritional needs,['English'],Free,True,https://www.facebook.com/TheAdventistChurch,https://www.twitter.com/@adventistchurch,"This program covers residents of the following cities: Riverside, CA.",33.927198,-117.4322626,92503,False,Closed,9:00 AM - 11:30 AM  PST,Closed,Closed,Closed,Closed,Closed
Food Bank,https://www.auntbertha.com//lifespring-assembly-of-god--riverside-ca--food-bank/5603304908390400?postal=92507,['food pantry'],,"['all ages', 'individuals', 'families']",951-683-6081,http://www.lifespringonline.com/site/mindisplay.asp?id=180009067&sec_id=180022055,"1224 Main Street, Riverside, CA 92501","https://www.google.com/maps/?q=1224+Main+Street,+Riverside,+CA+92501/",['This program serves individuals and families in the community.'],available,The food pantry provides quality food items to households experiencing food insecurity. This program supplies critical nutrition to hungry individuals and families. This program provides:- Food pantryThe pantry is available every 1st and 3rd Monday of the month.,['English'],Free,True,,,"This program covers residents of the following cities: Riverside, CA.",34.0057851,-117.3632083,92501,False,9:00 AM - 10:00 AM  PST,Closed,Closed,Closed,Closed,Closed,Closed
Student Resource Center,https://www.auntbertha.com//riverside-city-college--riverside-ca--student-resource-center/6269173405974528?postal=92507,"['food pantry', 'personal care items', 'personal hygiene', 'supplies for school']",,"['adults', 'young adults', 'teens', 'seniors', 'students', 'individuals']",951-222-8624,https://www.rcc.edu/student-support/relief-assistance.html,"4800 Magnolia Avenue, Riverside, CA 92506","https://www.google.com/maps/?q=4800+Magnolia+Avenue,+Riverside,+CA+92506/",['Must be a Riverside City College student.'],available,The Riverside City College (RCC) Student Resource Center offers a variety supplies and resources free of charge for any RCC student in need. This program provides: - Food to meet basic nutritional needs - Toiletries - Showers - Laundry services - School supplies,['English'],Free,True,https://www.facebook.com/RiversideCityCollege,,"This program covers residents of the following counties: Riverside County, CA.",33.9715883,-117.3830406,92506,False,9:00 AM - 4:00 PM  PST,9:00 AM - 4:00 PM  PST,9:00 AM - 4:00 PM  PST,9:00 AM - 4:00 PM  PST,9:00 AM - 4:00 PM  PST,Closed,Closed
Basic Needs Resource Center (BNRC) - Food Pantry,https://www.auntbertha.com//riverside-city-college--riverside-ca--basic-needs-resource-center-%2528bnrc%2529---food-pantry/5345533256663040?postal=92507,['food pantry'],,"['adults', 'young adults', 'teens', 'seniors', 'students']",,https://www.rcc.edu/student-support/basic-needs-center.html,"Fairfax Avenue, Riverside, CA 92506","https://www.google.com/maps/?q=Fairfax+Avenue,+Riverside,+CA+92506/",['Must be a student currently enrolled in Riverside City College.'],available,"The Basic Needs Resource Center (BNRC) is available to all RCC students in need and aims to help supplement basic needs and promote sustainability for overall student wellness and success. BNRC provides provides quality food items to students experiencing food insecurity.This program provides:- Food to meet basic nutritional needsStudents can visit the pantry for a bag of food and personal items once every 2 weeks. If they demonstrate more need, they may be able to visit more often.Note hours may be impacted by food inventory or deliver. Please see the posted weekly schedule on the door for updates.",['English'],Free,True,https://www.facebook.com/RiversideCityCollege,https://www.twitter.com/@RCCSocialmedia,"This program covers residents of the following cities: Riverside, CA.",33.9708533,-117.3833383,92506,False,8:00 AM - 5:00 PM  PST,8:00 AM - 5:00 PM  PST,8:00 AM - 5:00 PM  PST,8:00 AM - 5:00 PM  PST,8:00 AM - 5:00 PM  PST,Closed,Closed
