Service_name,Service_url,Main_Services,Other_Services,Serving,Phone_Number,Website,Location_Address,Location_URL_Map,Eligibility,Availability,Description,Languages,Cost,Google_Review,Facebook_URL,Twitter_URL,Coverage,Latitude,Longitude,Zipcode,24hour,Monday,Tuesday,Wednesday,Thursday,Friday,Saturday,Sunday,Google_Reviews,Service_Type
Financial Assistance for Military Families (American Red Cross),https://www.auntbertha.com//american-red-cross--washington-dc--financial-assistance-for-military-families/5931501920976896?postal=90013,"['emergency payments', 'emergency food', 'temporary shelter', 'burial & funeral help', 'financial assistance']",,"['adults 18+', 'active duty', 'national guard', 'veterans', 'families', 'spouses', 'emergency']",877-272-7337,https://www.redcross.org/get-help/military-families/financial-assistance.html,,,"['Eligible for financial assistance if you are: An active duty service member OR', 'A member of an activated National Guard or Reserve unit OR', 'An immediate family member of a service member in the above two categories OR', 'A military retiree or spouse/widow(er) of a retiree.']",available,"The American Red Cross works in partnership with military aid societies to provide quality, reliable financial assistance to eligible applicants 24/7/365 in times of hardship.This program provides: - Financial assistance for emergency needsAssistance can include funds for emergency travel, burial of a loved one, emergency food and shelter, etc. Red Cross helps to facilitate the application process, the military aid society determines eligibility and the specific financial assistance package that is offered.You can submit a request online or call the American Red Cross Hero Care Center.  When calliing, be sure to have the following information ready to provide the representative:- Legal name- Rank or rating- Social Security number- Date of birth- Branch of service (Army, Navy, Air Force, Marines, Coast Guard)- Military unit address- Information about the deployed unit and home base unit (for deployed service members only)",['English'],Free,False,https://www.facebook.com/redcross,https://www.twitter.com/@redcross,"This program covers residents of the following states: AK, AR, AZ, CA, CO, CT, DC, DE, FL, GA, HI, IA, ID, IL, IN, KS, KY, LA, MA, MD, ME, MI, MN, MO, MS, MT, NC, ND, NE, NH, NJ, NM, NV, NY, OH, OK, OR, PA, RI, SC, SD, TN, TX, UT, VA, VT, WA, WI, WV and WY.",,,,True,,,,,,,,0,Shelter
Long-Term Shelter (Pacific Lifeline),https://www.auntbertha.com//pacific-lifeline--upland-ca--long-term-shelter/6283360483934208?postal=90013,['temporary shelter'],"['food pantry', 'baby supplies', 'clothes for school', 'clothes for work', 'toys & gifts', 'personal hygiene', 'family counseling', 'individual counseling', 'recreation', 'navigating the system', 'case management', 'spiritual support', 'tutoring']","['adults', 'young adults', 'female', 'with children', 'homeless', 'low-income', 'limited english', 'mothers']",909-931-2624,http://www.pacific-lifeline.org,,,['This program helps women and their children (ages 12 and below).'],waitlist,"Pacific Lifeline is a faith-based Long-Term Shelter serving homeless women and their children from San Bernardino, Riverside, and east Los Angeles counties, empowering them to achieve personal and social stability.This program provides: - Shelter for women and their childrenResidents may also receive: - Groceries and paper products- Cleaning supplies- Toiletries and baby supplies- Laundry facilities- Clothing for school and/or work- Individual and family counseling- Case management- Children's tutoring and group activities- Family enrichment activities- Re-entry homes- Access to food, necessities, and giftsMost residents are referred through short term programs, so if you are involved with one, please have your case worker contact the office. Otherwise, please contact the office and they will determine if you qualify for the Long-Term Shelter program. If you don't qualify, they will give you phone numbers for other organizations that may be able to help you.Referring organizations can call the shelter directly. Please note that this is not an emergency shelter and that the application process may take two weeks.","['English', 'Spanish']",Free,False,https://www.facebook.com/pacific.lifeline?_rdr,https://www.twitter.com/@PacificLifeline,"This program covers residents of the following counties: Los Angeles County, CA, Riverside County, CA and San Bernardino County, CA.",,,,False,?,?,?,?,?,?,?,0,Shelter
Angel's Flight for Runaway and Homeless Youth (Catholic Charities of Los Angeles Inc.),https://www.auntbertha.com//catholic-charities-of-los-angeles%252C-inc.--los-angeles-ca--angel%2527s-flight-for-runaway-and-homeless-youth/5802764892897280?postal=90013,"['temporary shelter', 'meals', 'clothing', 'substance abuse counseling', 'medical care', 'counseling', 'mental health care', 'community support services', 'recreation', 'case management', 'more education', 'tutoring', 'youth development', 'help find work']",,"['teens', 'homeless', 'runaways']",213-251-3400,https://catholiccharitiesla.org/angels-flight-for-runaway-and-homeless-youth/,"1531 James M Wood Boulevard, Los Angeles, CA 90015","https://www.google.com/maps/?q=1531+James+M+Wood+Boulevard,+Los+Angeles,+CA+90015/",['This program helps people who are 10 to 17 years old.'],available,"Angel’s Flight provides emergency shelter for homeless, runaway, and at-risk youth and offers essential services, including food, medical care, clothing, transportation, case management, counseling, educational assessment, and classroom learning.This program provides:- Shelter for runaway and homeless youth",['English'],Free,True,https://www.facebook.com/Catholic.Charities.LA,,"This program covers residents of the following counties: Los Angeles County, CA.",34.050688,-118.272225,90015.0,False,11:30AM - 8:00PM,11:30AM - 8:00PM,11:30AM - 8:00PM,11:30AM - 8:00PM,11:30AM - 8:00PM,Closed,Closed,4.4,Shelter
Transform Homelessness Program - McGill Street House (Catholic Charities of Los Angeles Inc.),https://www.auntbertha.com//catholic-charities-of-los-angeles%252C-inc.--los-angeles-ca--transform-homelessness-program---mcgill-street-house/5700552139210752?postal=90013,"['temporary shelter', 'short-term housing', 'case management']","['nutrition education', 'help find housing', 'parenting education', 'counseling', 'financial education', 'navigating the system', 'one-on-one support', 'more education', 'skills & training', 'daily life skills']","['teens', 'children', 'adults 18+', 'female', 'with children', 'single parent', 'homeless']",213-251-3400,https://catholiccharitiesla.org/mcgill-street-house/,"1531 James M Wood Boulevard, Los Angeles, CA 90015","https://www.google.com/maps/?q=1531+James+M+Wood+Boulevard,+Los+Angeles,+CA+90015/",['This program serves women and children who are experiencing multiple and complex barriers toward a self-determined life and secure permanent housing.'],available,"McGill Street House is a 4-6 months program providing a wide array of social services to women and children who are experiencing multiple and complex barriers toward a self-determined life and secure permanent housing. Through case management, individualized service plans are developed with the clients to determine the resources that need to be mobilized to help them transition to more stable and self-sufficient life styles.This program provides:- Transitional housingLearning opportunities within the McGill House include:- Parenting skills- Asset building skills- Nutrition and life skills",['English'],Free,True,https://www.facebook.com/Catholic.Charities.LA,,"This program covers residents of the following counties: Los Angeles County, CA.",34.050688,-118.272225,90015.0,False,11:30AM - 8:00PM,11:30AM - 8:00PM,11:30AM - 8:00PM,11:30AM - 8:00PM,11:30AM - 8:00PM,Closed,Closed,4.4,Shelter
Emergency Shelter Services (Los Angeles House of Ruth),https://www.auntbertha.com//los-angeles-house-of-ruth-%2528lahr%2529--los-angeles-ca--emergency-shelter-services/6231509560197120?postal=90013,"['temporary shelter', 'help escape violence', 'short-term housing']","['nutrition education', 'mental health care', 'case management', 'advocacy & legal aid']","['children', 'families', 'homeless', 'domestic violence survivors', 'emergency']",323-266-4139,https://losangeleshouseofruth.com/programs-services/shelter-housing/,,,['Must be a family with children to access this program.'],available,"The Emergency Shelter Services program provides shelter to families that are homeless or fleeing domestic violence. LAHR’s Emergency Shelter Services provides homeless families with short-term emergency shelter, meals and case management to place them into proper bridge housing or permanent housing.Services provided:- Emergency ShelterParticipants in this program also benefit from:- Mental Health Counseling- Case Management- Food & Nutrition Education Program- Legal ServicesInterested participants must go through coordinated entry (CES) or present proof of homelessness (this can be issued by a police officer, social worker, any public support) to access services.",['English'],Free,False,https://www.facebook.com/LAHouseofRuth,https://www.twitter.com/@LaHouseofRuth,"This program covers residents of the following counties: Los Angeles County, CA.",,,,False,?,?,?,?,?,?,?,0,Shelter
Good Shepherd Center (Catholic Charities of Los Angeles Inc.),https://www.auntbertha.com//catholic-charities-of-los-angeles%252C-inc.--los-angeles-ca--good-shepherd-center/5702774893838336?postal=90013,"['temporary shelter', 'short-term housing', 'navigating the system']","['meals', 'more education', 'help find work']","['all ages', 'all disabilities', 'female', 'with children', 'homeless', 'mothers']",213-251-3400,https://catholiccharitiesla.org/good-shepherd-center-for-homeless-women-and-children/,"1531 James M Wood Boulevard, Los Angeles, CA 90015","https://www.google.com/maps/?q=1531+James+M+Wood+Boulevard,+Los+Angeles,+CA+90015/",['This program serves mothers with children experiencing homelessness.'],available,Good Shepherd Center offers transitional housing and supportive services to homeless women and children.This program provides:- Short term housing- Employment services- Educational-focused transitional housing program- On-site culinary program/cafe,"['English', 'Spanish']",Free,True,https://www.facebook.com/Catholic.Charities.LA,,"This program covers residents of the following counties: Los Angeles County, CA.",34.0506162,-118.2722591,90015.0,False,11:30AM - 8:00PM,11:30AM - 8:00PM,11:30AM - 8:00PM,11:30AM - 8:00PM,11:30AM - 8:00PM,Closed,Closed,4.4,Shelter
Minor Victims Assistance Sanctuary,https://www.auntbertha.com//volunteers-of-america-los-angeles-%2528voala%2529--los-angeles-ca--minor-victims-assistance-sanctuary/6214853035425792?postal=90013,"['temporary shelter', 'long-term housing', 'addiction & recovery', 'daily life skills', 'navigating the system', 'case management', 'support network', 'peer support', 'ged/high-school equivalency', 'skills & training']",,"['adults 18+', 'undocumented', 'individuals', 'homeless', 'trauma survivors', 'human trafficking survivors', 'emergency', 'substance dependency']",213-389-1500,https://voala.org/program/sanctuary/,,,"['Serves Human and Labor Trafficking Survivors.', 'This program helps people who are younger than 18 years old']",available,"MVAS provides a comprehensive array of services for minor victims of Human Trafficking and their families/caregivers to address their safety, security and healing in Los Angeles County.This program provides:- Life skills workshops- GED assistance- Employment readiness support- Peer support groups- Substance abuse support referrals- Case management wrap around- Emergency shelter- Long term housingTo access this program, please contact us for a referral form to fill out.","['English', 'Spanish']",Free,True,https://www.facebook.com/voalaca/,https://www.twitter.com/@voalaca,"This program covers residents of the following counties: Los Angeles County, CA.",,,,False,9:00 AM - 5:00 PM  PST,9:00 AM - 5:00 PM  PST,9:00 AM - 5:00 PM  PST,9:00 AM - 5:00 PM  PST,9:00 AM - 5:00 PM  PST,Closed,Closed,,
Human Trafficking Victim Assistance - Adults,https://www.auntbertha.com//volunteers-of-america-los-angeles-%2528voala%2529--los-angeles-ca--human-trafficking-victim-assistance---adults/5386913297072128?postal=90013,"['emergency food', 'temporary shelter', 'long-term housing', 'clothing', 'personal care items', 'transportation', 'daily life skills', 'counseling', 'navigating the system', 'case management', 'help find work', 'skills & training']",,"['adults 18+', 'undocumented', 'individuals', 'homeless', 'trauma survivors', 'human trafficking survivors', 'emergency']",213-610-7797,https://voala.org/program/sanctuary/,,,"['Serves Human and Labor Trafficking Survivors.', 'This program helps people who are older than 17 years old.']",available,"Volunteers of America Los Angeles (VOALA) provides trauma informed services and a safe, confidential space for Human and Labor Trafficking Victims.This program provides:- Emergency shelter- Long term housing- Extensive case management- Emergency food/clothing- Hygiene products- Job development- Employment services- Life skills workshops- Counseling- Transportation- Referrals to community resourcesTo access this program, please contact us for a referral form to fill out.","['English', 'Spanish']",Free,True,https://www.facebook.com/voalaca/,https://www.twitter.com/@voalaca,"This program covers residents of the following counties: Los Angeles County, CA.",,,,False,9:00 AM - 5:00 PM  PST,9:00 AM - 5:00 PM  PST,9:00 AM - 5:00 PM  PST,9:00 AM - 5:00 PM  PST,9:00 AM - 5:00 PM  PST,Closed,Closed,,
Outreach + Emergency Shelter,https://www.auntbertha.com//thepeopleconcern--los-angeles-ca--outreach-%252B-emergency-shelter/4861505874427904?postal=90013,"['temporary shelter', 'short-term housing', 'navigating the system']",,"['all ages', 'homeless', 'male', 'female']",310450-4050,https://www.thepeopleconcern.org/get-help.php,"526 S San Pedro St, Los Angeles, CA 90013","https://www.google.com/maps/?q=526+S+San+Pedro+St,+Los+Angeles,+CA+90013/",[],Not specified,"Outreach + Emergency Shelter Program offers more than 160 emergency shelter beds for women and men that want to leave the streets and work towards securing housing.Through the program, individuals have access to a caring and experienced community that helps them secure housing and government benefits, accompanies them to medical, legal and community appointments, and encourages participation in mental health and recovery services. During their stay in one of our shelters, our they lay the foundation to maintain housing so that they are prepared to enjoy a different way of life that is both secure and fulfilling.","['English', 'Spanish']",Reduced Cost,False,https://www.facebook.com/ThePeopleConcern/,https://www.twitter.com/@ThePplConcern,"This program covers residents of the following counties: Los Angeles County, CA.",34.043182,-118.2439629,90013.0,False,8:00 AM - 5:00 PM  PST,8:00 AM - 5:00 PM  PST,8:00 AM - 5:00 PM  PST,8:00 AM - 5:00 PM  PST,8:00 AM - 5:00 PM  PST,Closed,Closed,,
Recovery from Homelessness Program (RFHP),https://www.auntbertha.com//whittier%2527s-first-day--whittier-ca--recovery-from-homelessness-program-%2528rfhp%2529/5745506855157760?postal=90013,"['temporary shelter', 'short-term housing']","['meals', 'navigating the system', 'case management', 'financial education', 'help find work']","['adults 18+', 'homeless']",562-693-4097,https://www.whittierfirstday.org/bridgeinterim-shelter/,,,"['This program helps people who are older than 17 years old.', 'Must be homeless.']",available,"The Recovery from Homelessness Program provides temporary and transitional housing for up to 45 homeless and chronically homeless men and women from the Greater Whittier area at a time. This housing is a supportive environment linked to services and individualized planning to assist them in achieving self-sufficient lives off the streets.This program provides:- Temporary shelter- Short-term housingResidents have access to the following services:- Meals- Case management- Help accessing additional services- Money management counseling- Help find work, in later stages of the programResidents also have an opportunity to participate in a “Resident Bank” savings account program.This program runs through four stages, each of which is designed to help residents progress toward full independence and permanent housing. Residents must complete life skills assignments each week.",['English'],Free,True,https://www.facebook.com/pages/Whittiers-First-Day/117102758321522,,"This program covers residents of the following counties: Los Angeles County, CA.",,,,False,8:00 AM - 5:00 PM  PST,8:00 AM - 5:00 PM  PST,8:00 AM - 5:00 PM  PST,8:00 AM - 5:00 PM  PST,8:00 AM - 5:00 PM  PST,Closed,Closed,,
Emergency Shelter,https://www.auntbertha.com//upward-bound-house--santa-monica-ca--emergency-shelter/6345686333259776?postal=90013,"['temporary shelter', 'short-term housing']","['meals', 'help find housing', 'navigating the system', 'case management', 'one-on-one support']","['families', 'homeless', 'low-income', 'in crisis', 'all ages']",310-458-7779,https://upwardboundhouse.org/our-work/our-programs/emergency-shelter/,,,[],available,"Upward Bound's emergency shelter provides short-term housing for families in crisis on the Westside and in South Los Angeles. In addition to secure, safe accommodations for each family, the program features intensive wrap-around case management, counseling, a food program and other stabilization services. This program provides: - Temporary shelter This shelter provides:- Meals- Clothing- Household items- Case management- Help finding stable permanent housing- Connection to community partners & resources",['English'],Free,True,,,"This program covers residents of the following counties: Los Angeles County, CA.",,,,False,8:00 AM - 5:00 PM  PST,8:00 AM - 5:00 PM  PST,8:00 AM - 5:00 PM  PST,8:00 AM - 5:00 PM  PST,8:00 AM - 5:00 PM  PST,Closed,Closed,,
Immediate Safety and Safe Housing,https://www.auntbertha.com//niswa-association-inc.--los-angeles-ca--immediate-safety-and-safe-housing/6231809218052096?postal=90013,"['temporary shelter', 'immediate safety', 'safe housing', 'help hotlines', 'advocacy & legal aid']",,"['all ages', 'immigrants', 'female', 'individuals', 'families', 'domestic violence survivors', 'in crisis']",310-748-9086,https://fermentationassociation.org/,,,[],available,Niswa is committed to providing resources and support for the increase needs of Muslim families experiencing domestic violence in Southern California. This program provides:- 24/7 Hotline - Crisis intervention - Emergency shelter,['English'],Free,True,https://www.facebook.com/NiswaInc/,https://www.twitter.com/@niswainc,"This program covers residents of the following counties: Los Angeles County, CA.",,,,True,,,,,,,,,
Samaritan House,https://www.auntbertha.com//long-beach-rescue-mission--long-beach-ca--samaritan-house/6569689463390208?postal=90013,['temporary shelter'],"['meals', 'clothing', 'personal hygiene']","['all ages', 'male', 'homeless']",562-591-1292,https://lbrm.org/what-we-do/emergency-services/,,,['This program serves men.'],available,"Samaritan House is the first step on the road to recovery for many homeless men, providing a way off the streets and help getting them on to the road to recovery. Men are welcome to stay at this shelter for up to 7 days. Services include:- Shelter Clients also receive:- Food - Clothing - Hygiene products",['English'],Free,True,https://www.facebook.com/lbrescuemission,https://www.twitter.com/@lbrescuemission,"This program covers residents of the following counties: Los Angeles County, CA.",,,,True,,,,,,,,,
45-day Crisis Shelter,https://www.auntbertha.com//haven-hills--canoga-park-ca--45-day-crisis-shelter/6593014155706368?postal=90013,['temporary shelter'],"['meals', 'clothing', 'counseling', 'community support services', 'support network']","['all ages', 'female', 'mothers', 'domestic violence survivors', 'sexual assault survivors', 'in crisis', 'emergency']",818-887-6589,https://havenhills.org/en/services/,,,[],available,"The 45-Day Crisis Shelter offers a confidential refuge for victims of domestic violence, and their children, to find stability, break away, reassess and begin to rebuild their lives. Services Provided:- Crisis shelter - Food to meet basic nutritional needs- Clothing if needed- Support servicesStaff can immediately address trauma with:- Counseling, support and advocacy- Legal and medical referrals- Development of a safety plan- Access to community resources- Children’s program and On-Site Shelter School","['English', 'Spanish']",Free,True,https://www.facebook.com/havenhills,https://www.twitter.com/@havenhills,"This program covers residents of the following counties: Los Angeles County, CA, Orange County, CA, Riverside County, CA, San Bernardino County, CA and Ventura County, CA.",,,,True,,,,,,,,,
The Midnight Mssion Courtyard Outreach,https://www.auntbertha.com//the-midnight-mission--los-angeles-ca--the-midnight-mssion-courtyard-outreach/5189375556059136?postal=90013,"['temporary shelter', 'personal hygiene', 'community support services']",,"['anyone in need', 'all ages', 'individuals', 'families', 'homeless', 'emergency']",,https://www.midnightmission.org/our-services/emergency-services/courtyard-outreach/,"601 San Pedro Street, Los Angeles, CA 90014","https://www.google.com/maps/?q=601+San+Pedro+Street,+Los+Angeles,+CA+90014/",['This program serves people experiencing homelessness.'],available,"The Midnight Mission provides the Courtyard Outreach Program for individuals who need a safe place to sleep but are resistant to the idea of shelters. The courtyard is a safe, monitored outdoor space specifically for individuals experiencing homelessness. This program provides: - Drop-in center during the day - Overnight outdoor sleeping space - 24/7 restroom",['English'],Free,True,https://www.facebook.com/TheMidnightMission?ref=mf,https://www.twitter.com/@MidniteMission,"This program covers residents of the following counties: Los Angeles County, CA.",34.0421564,-118.2459925,90014.0,True,,,,,,,,,
Coordinated Entry System (LA CES) Access Centers,https://www.auntbertha.com//los-angeles-homeless-services-authority-%2528lahsa%2529--los-angeles-ca--coordinated-entry-system-%2528la-ces%2529-access-centers/5865920961183744?postal=90013,"['temporary shelter', 'help find housing', 'navigating the system']",,"['adults', 'young adults', 'teens', 'seniors', 'individuals', 'homeless']",800-339-6993,https://www.lahsa.org/documents?id=2760-ces-access-point-directory.pdf,"442 San Pedro Street, Los Angeles, CA 90013","https://www.google.com/maps/?q=442+San+Pedro+Street,+Los+Angeles,+CA+90013/",['This program serves homeless individuals and families.'],available,"CES Access Centers are call-in or drop-in locations where persons experiencing homelessness can gain initial access to or continue contact with housing and supportive services available through LA CES. This program provides:- Access to emergency services- Referrals to housing resources- Referrals to, or direct provision of, basic services such as food provision, storage, and hygiene servicesIdentity your Service Planning Area (SPA) located on the map on the website or use the online tool to locate an access center.",['English'],Free,True,https://www.facebook.com/lahsa.org/,https://www.twitter.com/@LAHomeless,"This program covers residents of the following counties: Los Angeles County, CA.",34.0446522,-118.2432057,90013.0,False,9:00 AM - 2:00 PM,9:00 AM - 2:00 PM,9:00 AM - 2:00 PM,9:00 AM - 2:00 PM,9:00 AM - 2:00 PM,9:00 AM - 10:30 AM,9:00 AM - 10:30 AM,,
Emergency Services,https://www.auntbertha.com//los-angeles-mission%252C-inc--los-angeles-ca--emergency-services/5446213891522560?postal=90013,['temporary shelter'],"['clothing', 'medical care', 'checkup & test', 'personal hygiene', 'counseling', 'more education', 'meals']","['anyone in need', 'all ages', 'emergency']",213-629-1227400,https://losangelesmission.org/emergency-services/,"303 East 5th Street, Los Angeles, CA 90013","https://www.google.com/maps/?q=303+East+5th+Street,+Los+Angeles,+CA+90013/",['This program is designed for people who are dealing with homelessness.'],available,"Los Angeles Mission breaks the cycle of homelessness and poverty, by stabilizing people in a safe and spiritual environment, connecting them to solutions and walking with them on their journey. Primary emergency services are available free of charge to all in need.This program provides:- Hot meals daily- Overnight shelter- Clean clothing- Showers- Temporary baggage storage",['English'],Free,True,https://www.facebook.com/LosAngelesMission,https://www.twitter.com/@TheLAMission,"This program covers residents of the following counties: Los Angeles County, CA.",34.045086,-118.245083,90013.0,False,8:00 AM - 5:00 PM  PST,8:00 AM - 5:00 PM  PST,8:00 AM - 5:00 PM  PST,8:00 AM - 5:00 PM  PST,8:00 AM - 5:00 PM  PST,Closed,Closed,,
The Women's Crisis and Bridge Housing Center,https://www.auntbertha.com//the-midnight-mission--los-angeles-ca--the-women%2527s-crisis-and-bridge-housing-center/4715471768649728?postal=90013,['temporary shelter'],"['meals', 'medical care', 'mental health care', 'computer or internet access', 'navigating the system', 'support network', 'one-on-one support', 'computer class']","['all ages', 'female', 'homeless']",213-624-9258,https://www.midnightmission.org/our-services/emergency-services/womens-crisis-bridge-housing/,"601 San Pedro Street, Los Angeles, CA 90014","https://www.google.com/maps/?q=601+San+Pedro+Street,+Los+Angeles,+CA+90014/",['This program serves homeless women.'],available,"The Women’s Crisis and Bridge Housing Program works in partnership with other premier service providers serving women in the community, including the Downtown Women’s Center. The Crisis and Bridge Housing Program at The Midnight Mission aims to end episodes of homelessness by providing the following: -On-site medical and mental health care -Temporary housing -Meals -Case management and service triage -Access to our on-site school -Computer learning center -Job and career counselors -Housing resources. We aim to efficiently connect those in need to permanent housing whenever possible or triage them into the most appropriate service-enhanced housing available. We work in close collaboration with the Los Angeles Homeless Continuum of Care’s Coordinated Entry System (CES).",['English'],Free,True,https://www.facebook.com/TheMidnightMission?ref=mf,https://www.twitter.com/@midnightmission,"This program covers residents of the following counties: Los Angeles County, CA.",34.0421564,-118.2459925,90014.0,True,,,,,,,,,
Housing & Development Services,https://www.auntbertha.com//a-new-way-of-life-reentry-project-%2528anwol%2529--los-angeles-ca--housing-%2526-development-services/4745297171316736?postal=90013,"['temporary shelter', 'help find housing', 'addiction & recovery', '12-step', 'daily life skills', 'understand government programs', 'help find work', 'advocacy & legal aid', 'identification recovery']",,"['adults', 'young adults', 'children', 'seniors', 'criminal justice history', 'female', 'individuals', 'families', 'homeless']",323-563-3575,https://anewwayoflife.org/housing/,,,['This program serves female individuals with a criminal justice history.'],available,"A New Way of Life Reentry Project (ANWOL) provides resources such as housing, case management, employment, legal services, leadership development and community organizing on behalf of, and with, people who struggle to rebuild their lives after incarceration. This program provides:- Identification Recover (ID and Social Security Cards)- Help Applying for Public Assistance- Advocacy and Legal Aid (Including Court Appearances)- 12-Step Program Support- Workforce development- Leadership-Training ProgramsWomen can remain at ANWOL for as long as they need to stay, and when they’re ready, they will be assisted in searching for permanent housing.","['English', 'Spanish']",Sliding Scale,True,https://www.facebook.com/ANewWayofLifeReentryProject,https://www.twitter.com/@ANewWayofLife1,"This program covers residents of the following counties: Los Angeles County, CA.",,,,False,8:00 AM - 5:00 PM  PST,8:00 AM - 5:00 PM  PST,8:00 AM - 5:00 PM  PST,8:00 AM - 5:00 PM  PST,8:00 AM - 5:00 PM  PST,Closed,Closed,,
Short Term Housing,https://www.auntbertha.com//jovenes--los-angeles-ca--short-term-housing/6329877733048320?postal=90013,"['temporary shelter', 'short-term housing']","['meals', 'counseling', 'case management', 'help find work']","['young adults', 'homeless', 'emergency']",323-260-8035,https://jovenesinc.org/housing-solutions/,,,['This program helps people who are 18 to 24 years old.'],available,"Short Term Housing program offers shelter to youth up to 90 days as they create and implement their individual plans, form relationships with our staff and conduct daily activities like job searches, access healthcare enrollment & benefits and stabilize. Services include:- Shelter- Meals- Counseling- Case management- Employment assistance Progress evaluations are performed every 30 days to determine clients eligibility for emergency shelter.For more information, please call us at 323-260-8035.","['English', 'Spanish']",Free,True,https://www.facebook.com/jovenesinc,https://www.twitter.com/@Jovenes_Inc,"This program covers residents of the following counties: Los Angeles County, CA.",,,,False,8:00 AM - 5:00 PM  PST,8:00 AM - 5:00 PM  PST,8:00 AM - 5:00 PM  PST,8:00 AM - 5:00 PM  PST,8:00 AM - 5:00 PM  PST,Closed,Closed,,
Zahn Memorial Center,https://www.auntbertha.com//salvation-army---california-south--long-beach-ca--zahn-memorial-center/4813667136700416?postal=90013,"['temporary shelter', 'immediate safety', 'meals', 'help find housing', 'personal care items', 'navigating the system', 'support network', 'one-on-one support']",,"['all ages', 'families', 'homeless', 'in crisis', 'emergency']",213-438-1617,https://zahn.salvationarmy.org/zahn_memorial_center_us_west/,"832 James M Wood Boulevard, Los Angeles, CA 90015","https://www.google.com/maps/?q=832+James+M+Wood+Boulevard,+Los+Angeles,+CA+90015/",[],available,"The Salvation Army's Zahn Memorial Center is the only emergency shelter for families in downtown Los Angeles, and provides individuals in crisis with an immediate, safe place to stay and the resources to begin getting their lives back on track. The Zahn program provides 90 days of emergency housing to 18 chronically homeless families with special needs.This program provides:- Interim Housing- Case Management- Basic Living NeedsThe program is focused on locating long term housing for each family, including transitional and permanent housing options. Working with an on-site case manager, each family receives personalized referrals and support to accelerate their transition to healthy independence. Zahn is a launch pad toward healthy independence, and a critical link between the experience of homelessness and restoring a family's relationship with the community.",['English'],Free,True,,,"This program covers residents of the following counties: Los Angeles County, CA.",34.046547,-118.2642221,90015.0,False,8:00 AM - 5:00 PM  PST,8:00 AM - 5:00 PM  PST,8:00 AM - 5:00 PM  PST,8:00 AM - 5:00 PM  PST,8:00 AM - 5:00 PM  PST,Closed,Closed,,
Sojourn Domestic Violence Services,https://www.auntbertha.com//the-people-concern--los-angeles-ca--sojourn-domestic-violence-services/5755491298836480?postal=90013,"['temporary shelter', 'safe housing', 'navigating the system', 'help hotlines', 'support groups', 'advocacy & legal aid']","['health education', 'medical care', 'mental health care', 'sexual and reproductive health', 'government benefits', 'financial education', 'community support services', 'daytime care', 'navigating the system', 'physical safety', 'residential care', 'support network', 'help find school', 'help find work', 'advocacy & legal aid']","['adults', 'young adults', 'teens', 'children', 'seniors', 'domestic violence survivors', 'in crisis', 'in danger', 'emergency']",310-264-6644,https://www.thepeopleconcern.org/sojourn/,,,['This program serves any adult and child victims of domestic violence.'],available,"Sojourn, The People Concern's Domestic Violence program offers a full range of services designed to provide safety, stability, ongoing support and violence prevention programs for adult and child victims of domestic violence. This program provides:- Temporary shelterShelter services include:- Support groups- Workshops- 24/7 Hotline (310-264-6644)- Children’s empowerment programming- Legal services - Service referrals- Case managementTheir trained hotline volunteers provide: crisis intervention, peer counseling, lethality assessment, safety planning, advocacy, child/elder abuse reporting, information, referrals, and safety arrangements for pets. Collect calls are accepted.",['English'],Free,True,https://www.facebook.com/ThePeopleConcern/,https://www.twitter.com/@ThePplConcern,"This program covers residents of the following counties: Los Angeles County, CA.",,,,False,8:00 AM - 5:00 PM  PST,8:00 AM - 5:00 PM  PST,8:00 AM - 5:00 PM  PST,8:00 AM - 5:00 PM  PST,8:00 AM - 5:00 PM  PST,Closed,Closed,,
Hacienda of Hope Program,https://www.auntbertha.com//project-return-peer-support-network-%2528prpsn%2529--huntington-park-ca--hacienda-of-hope-program/5100596400488448?postal=90013,"['temporary shelter', 'recreation', 'safe housing', 'peer support', 'support groups', 'understand mental health']","['one-on-one support', 'peer support']","['adults 18+', 'limited english', 'all mental health']",323-346-0960,https://prpsn.org/services-peer-support-network.html?id=171,,,"['This program helps people who are older than 17 years old.', 'This program serves individuals living with mental health challenges who are experiencing a stressful iife event or crisis.']",available,Hacienda of hope program offers a safe alternative to emergency hospitalization for individuals with mental illness who are experiencing a stressful life event or crisis. This short-term respite home offers the space where peer-guests are able to stay short periods of time (usually a few days) to work on their personal growth and wellness in a safe space free of charge.This program provides:- Temporary housing- Peer support- Support groups- Recreation,"['English', 'Spanish']",Free,False,https://www.facebook.com/PRPSN/,https://www.twitter.com/@PRPSNLA,"This program covers residents of the following counties: Los Angeles County, CA.",,,,False,8:00 AM - 5:00 PM  PST,8:00 AM - 5:00 PM  PST,8:00 AM - 5:00 PM  PST,8:00 AM - 5:00 PM  PST,8:00 AM - 5:00 PM  PST,Closed,Closed,,
Skid Row Development Corp,https://www.auntbertha.com//skid-row-development-corp--los-angeles-ca--skid-row-development-corp/4815375174729728?postal=90013,"['temporary shelter', 'help find housing', 'counseling', 'navigating the system', 'case management', 'skills & training', 'job placement']",,"['adults 18+', 'homeless', 'near homeless', 'low-income', 'emergency']",213-623-7130,http://srdcla.org,"307 Central Avenue, Los Angeles, CA 90013","https://www.google.com/maps/?q=307+Central+Avenue,+Los+Angeles,+CA+90013/",[],available,"Skid Row Development Corp provides lodging for individuals struggling with homelessness.  Our guests are diverse in background, from people struggling as they work to get back on their feet or those who might be passing through the area.We provide services that assure basic needs are met, including:- Shelter- Board- Counseling- Job training- Employment replacement- House replacement to homeless and low-income adult",['English'],Free,True,,,"This program covers residents of the following cities: Los Angeles, CA.",34.0458428,-118.2398075,90013.0,False,8:00 AM - 5:00 PM  PST,8:00 AM - 5:00 PM  PST,8:00 AM - 5:00 PM  PST,8:00 AM - 5:00 PM  PST,8:00 AM - 5:00 PM  PST,Closed,Closed,,
Sheltering the Homeless Ministry,https://www.auntbertha.com//emmanuel-baptist-rescue-mission--los-angeles-ca--sheltering-the-homeless-ministry/5220472429477888?postal=90013,['temporary shelter'],['personal hygiene'],"['all ages', 'homeless']",213-626-4681,http://www.ebrm.org/ministries#ShelteringTheHomeless,"530 E 5th St, Los Angeles, CA 90013","https://www.google.com/maps/?q=530+E+5th+St,+Los+Angeles,+CA+90013/",[],available,"Sheltering the Homeless Ministry provides shower facilities and clean beds, providing a clean, safe haven for those seeking shelter from the elements and street life of downtown Los Angeles.Service offered:- temporary shelter",['English'],Free,True,,,"This program covers residents of the following counties: Los Angeles County, CA.",34.0434252,-118.2431372,90013.0,False,8:00 AM - 5:00 PM  PST,8:00 AM - 5:00 PM  PST,8:00 AM - 5:00 PM  PST,8:00 AM - 5:00 PM  PST,8:00 AM - 5:00 PM  PST,Closed,Closed,,
Emergency Services,https://www.auntbertha.com//union-rescue-mission-%2528urm%2529--los-angeles-ca--emergency-services/6562327453237248?postal=90013,['temporary shelter'],"['meals', 'clothing', 'medical care', 'personal hygiene', 'counseling', 'case management']","['all ages', 'female', 'male', 'families', 'with children', 'homeless']",213-347-6300,https://urm.org/services/emergency/,"545 San Pedro Street, Los Angeles, CA 90013","https://www.google.com/maps/?q=545+San+Pedro+Street,+Los+Angeles,+CA+90013/","['Well-child exams for children under 17 are mandatory.', 'While at URM, families are required to save a minimum of 30% of their income.']",available,"Union Rescue Mission provides comprehensive care for men, women and children experiencing homelessness. Guests can sign up for beds, eat three meals a day, take showers, get haircuts, pick out fresh clothes and receive medical care. Counseling from our staff is also available to discuss options regarding our recovery programs or other service providers in the area.This program provides:- Emergency shelter Shelter services include:- Food - Clothing- Personal Hygiene- Clinics- Day Center - Family Community Center- Hospitality center - Life Management Classes - Individual Assessment/CounselingBecause of large number of families seeking help at URM, and due to our limited space, families who choose to stay at URM are limited to 90 days. Within those 90 days, we offer the comprehensive help they need to regain their independence. If you or someone you know is experiencing homelessness, we can help. To learn more about our emergency and recovery services, please call reach out by phone.",['English'],Free,True,https://www.facebook.com/RenestingProjectInc?ref=stream&fref=nf,https://www.twitter.com/@URM,"This program covers residents of the following counties: Los Angeles County, CA.",34.0433448,-118.2450788,90013.0,False,9:00 AM - 3:00 PM  PST,9:00 AM - 3:00 PM  PST,9:00 AM - 3:00 PM  PST,9:00 AM - 3:00 PM  PST,9:00 AM - 3:00 PM  PST,Closed,Closed,,
Marshal House-Transitional Housing,https://www.auntbertha.com//single-room-occupancy-%2528sro%2529-housing-corporation--los-angeles-ca--marshal-house-transitional-housing/4837413853593600?postal=90013,"['temporary shelter', 'addiction & recovery', '12-step', 'daily life skills', 'navigating the system', 'support network', 'one-on-one support', 'support groups', 'skills & training']",,"['adults', 'young adults', 'seniors', 'veterans', 'individuals', 'homeless', 'substance dependency']",213-229-9682,https://www.srohousing.org/property-management.html,"523 San Julian Street, Los Angeles, CA 90013","https://www.google.com/maps/?q=523+San+Julian+Street,+Los+Angeles,+CA+90013/",['This program helps homeless veterans'],available,"Marshal House-Transitional Housing is available for homeless veterans in recovery from substance use. Services offered:- Transitional housing- Case management - Food services- Support groups- 12-step meetings- Money Management, Job education and Job referral services",['English'],Free,True,https://www.facebook.com/SROHousing#!/SROHousing,https://www.twitter.com/@srohousing,"This program covers residents of the following counties: Los Angeles County, CA, Riverside County, CA, Ventura County, CA, Orange County, CA and San Bernardino County, CA.",34.044069,-118.2457869,90013.0,False,8:00 AM - 5:00 PM  PST,8:00 AM - 5:00 PM  PST,8:00 AM - 5:00 PM  PST,8:00 AM - 5:00 PM  PST,8:00 AM - 5:00 PM  PST,Closed,Closed,,
HIV/AIDS Residential Housing,https://www.auntbertha.com//jwch-institute-inc.--los-angeles-ca--hiv-aids-residential-housing/5743173573279744?postal=90013,"['temporary shelter', 'short-term housing']","['meals', 'nutrition education', 'clothing', 'personal care items', 'personal hygiene', 'navigating the system', 'one-on-one support']","['hiv/aids', 'all ages']",213-486-4946,http://jwchinstitute.org/hiv-services/hivaids-residential-housing/,"515 East 6th Street, Los Angeles, CA 90021","https://www.google.com/maps/?q=515+East+6th+Street,+Los+Angeles,+CA+90021/",[],available,"JWCH Institute's HIV/AIDS Residential Housing program provides services people living with HIV/AIDS.Services provided: - Emergency and transitional housingAdditionally, our residential housing services include: - Complete psychosocial assessment- Individual care plan development- Appropriate referrals to housing, medical, mental health and drug treatment- Meals and nutritional supplementation- Hygiene items and clothing",['English'],Free,True,,,"This program covers residents of the following counties: Los Angeles County, CA.",34.0422,-118.244834,90021.0,False,8:00 AM - 5:00 PM  PST,8:00 AM - 5:00 PM  PST,8:00 AM - 5:00 PM  PST,8:00 AM - 5:00 PM  PST,8:00 AM - 5:00 PM  PST,Closed,Closed,,
HOPWA (Housing Opportunities for People with AIDS),https://www.auntbertha.com//single-room-occupancy-%2528sro%2529-housing-corporation--los-angeles-ca--hopwa-%2528housing-opportunities-for-people-with-aids%2529/5785179387854848?postal=90013,"['temporary shelter', 'long-term housing', 'short-term housing', 'navigating the system', 'case management', 'one-on-one support']",,"['adults 18+', 'hiv/aids', 'emergency']",213-229-2826,http://www.srohousing.org/social-services.html,,,"['Must be homeless or at the risk of being homeless.', 'Must have no income or low income.', 'Must be diagnosed with HIV/AIDS.', 'This program helps people who are older than 17 years old.']",available,"The SRO Housing Corporation offers HOPWA to provide emergency, transitional, and permanent housing along with a full range of case management services for persons living with HIV/AIDS. We provide:- Emergency, transitional, and permanent housing- Case management- Support services- Referrals",['English'],Free,True,https://www.facebook.com/SROHousing#!/SROHousing,https://www.twitter.com/@srohousing,"This program covers residents of the following counties: Los Angeles County, CA, Orange County, CA, Riverside County, CA, San Bernardino County, CA and Ventura County, CA.",,,,False,8:00 AM - 5:00 PM  PST,8:00 AM - 5:00 PM  PST,8:00 AM - 5:00 PM  PST,8:00 AM - 5:00 PM  PST,8:00 AM - 5:00 PM  PST,Closed,Closed,,
Elizabeth Ann Seton Residence Program,https://www.auntbertha.com//catholic-charities-of-los-angeles%252C-inc.--los-angeles-ca--elizabeth-ann-seton-residence-program/6018454396076032?postal=90013,"['temporary shelter', 'case management']","['meals', 'baby supplies', 'clothing', 'personal care items', 'transportation', 'daily life skills', 'personal hygiene', 'financial education', 'skills & training']","['all ages', 'all disabilities', 'pregnant', 'individuals', 'families', 'with children', 'homeless']",213-251-3400,"https://catholiccharitiesla.org/elizabeth-ann-seton-residence/#:~:text=The%20goal%20of%20the%20Elizabeth,the%20elderly%20who%20are%20homeless.","1531 James M Wood Boulevard, Los Angeles, CA 90015","https://www.google.com/maps/?q=1531+James+M+Wood+Boulevard,+Los+Angeles,+CA+90015/",['This program serves homeless individuals and families.'],available,The goal of the Elizabeth Ann Seton Residence (EASR) is to move homeless individuals and families from crisis situations to stability. Clients work with the case manager to design a plan to achieve self-sufficiency and housing.This program provides:- Shelter- Nutritious meals - Transportation- Baby supplies- Personal care items - Case management - Parenting education- Financial literacy- Job preparation,"['English', 'Spanish']",Free,True,https://www.facebook.com/Catholic.Charities.LA,,"This program covers residents of the following counties: Los Angeles County, CA, Santa Barbara County, CA and Ventura County, CA.",34.050688,-118.272225,90015.0,False,8:00 AM - 5:00 PM  PST,8:00 AM - 5:00 PM  PST,8:00 AM - 5:00 PM  PST,8:00 AM - 5:00 PM  PST,8:00 AM - 5:00 PM  PST,Closed,Closed,,
Emergency Shelter,https://www.auntbertha.com//house-of-ruth--claremont-ca--emergency-shelter/5263457368670208?postal=90013,"['temporary shelter', 'help escape violence', 'safe housing']","['emergency food', 'clothing', 'personal care items', 'daily life skills', 'counseling', 'help find work', 'advocacy & legal aid']","['adults 18+', 'female', 'with children', 'domestic violence survivors', 'in crisis', 'emergency']",877-988-5559,https://houseofruthinc.org/services/,,,[],available,"House of Ruth’s emergency shelter provides programs and support for victims and their children, including food, clothing, personal care items, group and individual counseling, legal and social services advocacy, employment assistance, and life-management skills. This program provides:- Food- Clothing- Personal care items- Group and individual counseling- Legal and social services advocacy- Employment assistance- Life-management skillsThe shelter is staffed 24-hours a day, 7 days a week.",['English'],Free,True,https://www.facebook.com/HouseofRuthClaremont,https://www.twitter.com/https://twitter.com/houseofruthinc,"This program covers residents of the following counties: Los Angeles County, CA and San Bernardino County, CA.",,,,True,,,,,,,,,
Family Shelter,https://www.auntbertha.com//san-fernando-valley-rescue-mission--los-angeles-ca--family-shelter/5696919672193024?postal=90013,['temporary shelter'],"['help find housing', 'daily life skills', 'navigating the system', 'support network', 'one-on-one support', 'computer class']","['all ages', 'families', 'homeless']",818-960-0404,https://sfvrescuemission.org/homeagain/about/,,,[],waitlist,"Our Family Shelter provides a fresh start to families who are experiencing homelessness by offering shelter in a comfortable, home-like setting. We’ll provide you with the tools you need to get back on your feet and transition into stable housing.Services:- Temporary shelter- Support services If you are considering a stay with us, it is important that you call our intake number so you can get on our waiting list and begin the intake process. Our intake staff will walk you through the registration process.It is important that you know that we are a faith-based organization. That means that we provide some religious services and encourage you to pay attention to spiritual needs as well as physical and emotional needs. We serve all people regardless of what you believe.",['English'],Free,True,https://www.facebook.com/SFVRescueMission/,https://www.twitter.com/@SFVRescue,"This program covers residents of the following counties: Los Angeles County, CA.",,,,False,8:30 AM - 5:00 PM  PST,8:30 AM - 5:00 PM  PST,8:30 AM - 5:00 PM  PST,8:30 AM - 5:00 PM  PST,8:30 AM - 5:00 PM  PST,Closed,Closed,,
Alegria,https://www.auntbertha.com//salvation-army---california-south--carson-ca--alegria/5557520139550720?postal=90013,"['temporary shelter', 'residential housing']","['meals', 'help find housing', 'after school care', 'navigating the system', 'case management']","['adults', 'young adults', 'hiv/aids', 'chronic illness', 'individuals', 'families', 'with children', 'spouses', 'parents']",323-454-4200,https://alegria.salvationarmy.org/,,,"['Must be referred by case manager or social worker.', 'This program is for the chronically ill and their families.']",available,"Alegria provides a residential care facility for the chronically ill, while also providing care for younger family members through its after-schooling program. This program serves those who are affected by HIV/AIDS and their loved ones: children, parents, spouses, and companions.This program provides:- Transitional housingParticipants in this program also benefit from:- Referrals to therapeutic services- Assistance in securing permanent housing- After school care- Meals",['English'],Free,True,https://www.facebook.com/SalvationArmyUSA,https://www.twitter.com/@SalvationArmyUS,"This program covers residents of the following counties: Los Angeles County, CA.",,,,False,8:00 AM - 5:00 PM  PST,8:00 AM - 5:00 PM  PST,8:00 AM - 5:00 PM  PST,8:00 AM - 5:00 PM  PST,8:00 AM - 5:00 PM  PST,Closed,Closed,,
Housing and Shelter,https://www.auntbertha.com//jenesse-center%252C-inc.--los-angeles-ca--housing-and-shelter/5729001791815680?postal=90013,"['temporary shelter', 'safe housing', 'navigating the system', 'case management']","['transportation', 'daily life skills', 'counseling', 'after school care', 'tutoring', 'computer class', 'help find work', 'advocacy & legal aid']","['all ages', 'female', 'individuals', 'families', 'with children', 'domestic violence survivors', 'sexual assault survivors', 'emergency']",800-479-7328,http://jenesse.org,,,"['Serves victims of domestic violence, women and their children.']",available,"Jenesse Center, Inc. offers emergency shelter and transitional housing from 30 days to up to two years to victims of domestic violence and their families in Los Angeles County. Services include:- Emergency shelter- Transitional housing- Case managementAdditionally, clients have access to a variety of support services including:- Mental health counseling- Independent life skills classes- Computer training- Job referrals- After school programs for children- Field trips- Tutoring - Direct legal services- Transportation",['English'],Free,True,https://www.facebook.com/JenesseCenter,https://www.twitter.com/@JenesseCenter,"This program covers residents of the following counties: Los Angeles County, CA.",,,,True,,,,,,,,,
Domestic Violence Program,https://www.auntbertha.com//ywca-of-glendale--glendale-ca--domestic-violence-program/6558779848785920?postal=90013,"['temporary shelter', 'immediate safety', 'substance abuse counseling', 'help hotlines', 'advocacy & legal aid']",['navigating the system'],"['all ages', 'female', 'individuals', 'families', 'limited english', 'domestic violence survivors', 'in crisis']",888-999-7511,https://www.glendaleywca.org/what-were-doing/domestic-violence-program/,,,['This program assists people experiencing domestic violence.'],available,YWCA Glendale provides services and education to the community and works to end domestic violence.Services include:- 24/7 hotline- Emergency shelter access- Crisis intervention- Case management- Counseling services- Referrals to community resourcesCall our 24/7 hotline to be assessed for program eligibility.,"['Armenian', 'English', 'Spanish']",Free,True,,,"This program covers residents of the following counties: Los Angeles County, CA.",,,,False,9:00 AM - 5:00 PM  PST,9:00 AM - 5:00 PM  PST,9:00 AM - 5:00 PM  PST,9:00 AM - 5:00 PM  PST,9:00 AM - 5:00 PM  PST,Closed,Closed,,
Emergency Youth Shelter,https://www.auntbertha.com//1736-family-crisis-center--los-angeles-ca--emergency-youth-shelter/4816089525518336?postal=90013,"['temporary shelter', 'immediate safety']","['meals', 'home goods', 'personal care items', 'individual counseling']","['teens', 'children', 'homeless', 'runaways', 'emergency']",310-379-3620,https://www.1736fcc.org/programs/residential-programs-dv-human-trafficking,,,['This program helps people who are 10 to 17 years old.'],available,"Emergency Youth Shelter Program provides runaway and homeless boys and girls ages 10 through 17 for a shelter stay of up to two weeks. This program provides:- Emergency shelterOther assistance includes:- Food & Clothing- Individual and group counseling- Medical services- Legal help and long-term safety plansAfter a participant graduates from the Youth Shelter, their goal is to make sure that the youth exit into safe, long-term housing, whether that is reunification with their parents or another appropriate arrangement. A six-month aftercare follow-up period is also in place so that staff can stay in touch to provide whatever support a they might need to stay on track.",['English'],Free,True,https://www.facebook.com/1736FamilyCrisisCenter/,https://www.twitter.com/@1736fcc,"This program covers residents of the following counties: Los Angeles County, CA, Orange County, CA, Riverside County, CA, San Bernardino County, CA and Ventura County, CA.",,,,True,,,,,,,,,
Shelter Network,https://www.auntbertha.com//mercy-house--santa-ana-ca--shelter-network/5164714503962624?postal=90013,['temporary shelter'],['navigating the system'],"['adults 18+', 'individuals', 'homeless', 'near homeless']",211,https://www.mercyhouse.net/programs,,,['This program serves individuals who are homeless OR near homeless.'],available,"Mercy House operates a complete system of care designed to meet the needs of homeless and at-risk populations in every stage of their struggle by providing temporary shelter and support services to meet the needs of individuals in need. This programs is designed with understanding of homeless services across Orange, Riverside, Los Angeles, Kern, and Ventura Counties in California and Maricopa County, Arizona. This program provides:- Temporary shelterAdditional services include:- Resource navigation servicesPlease note, services are offered through a coordinated entry point. Contact 211 to initiate care.",['English'],Free,True,https://www.facebook.com/MercyHouseLC,https://www.twitter.com/@MercyHouseLC,"This program covers residents of the following counties: Maricopa County, AZ, Kern County, CA, Los Angeles County, CA, Orange County, CA, Riverside County, CA and Ventura County, CA.",,,,True,,,,,,,,,
Homeless Veterans Initiative,https://www.auntbertha.com//disabled-american-veterans-%2528dav%2529--cold-spring-ky--homeless-veterans-initiative/6359041064304640?postal=90013,"['temporary shelter', 'government benefits']",,['veterans'],877-426-2838,https://www.dav.org/get-help-now/veteran-topics-resources/homeless-veterans-assistance/,,,['Serves homeless veterans.'],available,"The DAV Homeless Veterans Initiative, supported by DAV’s Charitable Service Trust and Columbia Trust, promotes the development of supportive housing and necessary services to assist homeless veterans in becoming productive, self-sufficient members of society. Our goal is to establish a partnership between the DAV and Federal, state, county and local governments to develop programs to assist homeless veterans in becoming self-sufficient. Service: -counsel individuals on the many VA benefits for which they may be entitled. If you or someone you know is a homeless veteran in need of assistance, please contact us.",['English'],Free,True,https://www.facebook.com/DAV,https://www.twitter.com/@DAVHQ,This program covers residents of All US states and territories.,,,,False,5:00 AM - 2:00 PM  PST,5:00 AM - 2:00 PM  PST,5:00 AM - 2:00 PM  PST,5:00 AM - 2:00 PM  PST,5:00 AM - 2:00 PM  PST,Closed,Closed,,
Metanoia Refuge,https://www.auntbertha.com//metanoia%252C-inc.--zachary-la--metanoia-refuge/5811770958675968?postal=90013,"['temporary shelter', 'immediate safety']","['addiction & recovery', 'dental care', 'medical care', 'mental health care', 'medications for mental health', 'navigating the system', 'spiritual support', 'alternative education', 'skills & training']","['teens', 'children', 'female', 'pregnant', 'with children', 'trauma survivors', 'abuse or neglect survivors', 'human trafficking survivors']",,https://www.metanoia-inc.org/services,,,"['This program serves female adolescent victims of human trafficking.', 'Must not be HIV-positive.', 'This program helps people who are 11 to 17 years old.']",available,"Metanoia offers a place of refuge to female adolescent victims of human trafficking, in which to heal physically and mentally. The program provides girls aged 11-17 with mental, physical, and spiritual health, instruction in academics, life skills, and job training. Once girls reach 18, they can decide whether or not they would like to continue on with the program for additional time.This program provides:- Residential recovery housing Additional services include:- Academic assessments and individualized appropriate curriculum- Individual and group therapy (mental health, substance abuse, equine, canine)- Life skills training- Spiritual guidance (religious activities not required)- Community volunteer opportunities- Health care (medical and dental)- Psychiatric assessment and management of medication- Field Trips- Art, sewing, cooking skills, creative writing, dance, sports, and gardening activities- Employment skills introduction and transitional planningCase managers, service providers, legal guardians, and law enforcement referrals may be made on behalf of the youth. Metanoia assessment forms are required to be completed for consideration to the program. Duration of the stay is as long as needed, until age 18 or 21 with extended foster care. Emergency placement is not provided.Clients across the country are offered free transportation to get to the facility.","['English', 'French', 'Italian', 'Malayalam', 'Spanish', 'Tagalog']",Free,True,,,"This program covers residents of the following states: AK, AL, AR, AZ, CA, CO, CT, DC, DE, FL, GA, HI, IA, ID, IL, IN, KS, KY, LA, MA, MD, ME, MI, MN, MO, MS, MT, NC, ND, NE, NH, NJ, NM, NV, NY, OH, OK, OR, PA, RI, SC, SD, TN, TX, UT, VA, VT, WA, WI, WV and WY.",,,,False,8:00 AM - 5:00 PM,8:00 AM - 5:00 PM,8:00 AM - 5:00 PM,8:00 AM - 5:00 PM,8:00 AM - 5:00 PM,Closed,Closed,,
Safe Parking,https://www.auntbertha.com//safe-parking-la--los-angeles-ca--safe-parking/6647544271339520?postal=90013,"['temporary shelter', 'physical safety']",,"['anyone in need', 'all ages', 'homeless']",323-210-3375,https://www.safeparkingla.org/safe-parking-application/?utm_source=home&utm_medium=big-red-button&utm_campaign=default,,,['Must reside in city of Los Angeles.'],available,"Safe Parking LA  is a night-time program for people who are experiencing homelessness and sleeping in their vehicles at night, providing a safe and stable place to park the vehicle, remain compliant with local laws, and have access to restroom facilities. Services provided: - Safe parking- Restroom facilityPlease begin the application process by filling out the interest form provided on website or call/text 323-210-3375 during regular business hoursNote: Safe Parking LA programs are open during the COVID-19 pandemic and support our patrons ability to “shelter in place.” We appreciate your patience as we respond to a high volume of applications.",['English'],Free,True,,,"This program covers residents of the following cities: Los Angeles, CA.",,,,False,8:00 AM - 5:00 PM,8:00 AM - 5:00 PM,8:00 AM - 5:00 PM,8:00 AM - 5:00 PM,8:00 AM - 5:00 PM,Closed,Closed,,